,symboling,normalized-losses,make,num-of-doors,body-style,drive-wheels,engine-location,wheel-base,length,width,height,curb-weight,engine-type,num-of-cylinders,engine-size,fuel-system,bore,stroke,compression-ratio,horsepower,peak-rpm,city-mpg,highway-mpg,price,date_time,date_time_new1,date_time_new2,date_time_new3,day,day_week,month,year,time,length_norm1,width_norm1,length_norm2,width_norm2,city-km,highway-km,length_std1,width_std1,length_std2,width_std2,horsepower-binned,horsepower-binned-custom,fuel-type-diesel,fuel-type-gas,aspiration-type-standar,aspiration-type-turbo,aspiration-type-standar,aspiration-type-turbo
0,3,122,alfa-romero,two,convertible,rwd,front,88.6,168.8,64.1,48.8,2548,dohc,four,130,mpfi,3.47,2.68,9.0,111,5000.0,21,27,13495.0,2025-10-17 01:36:14,17-10-2025 01:36:14,17-10-25 01:36:14,10-2025 01:36:14,17,Friday,10,2025,01:36:14,0.4134328358208958,0.32478632478632447,0.41343283582089585,0.32478632478632363,8.927,11.478,-0.4394094902759043,-0.853460238578097,-0.4394094902759044,-0.8534602385780973,Bajo,Medio,False,True,True,False,True,False
1,3,122,alfa-romero,two,convertible,rwd,front,88.6,168.8,64.1,48.8,2548,dohc,four,130,mpfi,3.47,2.68,9.0,111,5000.0,21,27,16500.0,2025-10-10 10:03:00,10-10-2025 10:03:00,10-10-25 10:03:00,10-2025 10:03:00,10,Friday,10,2025,10:03:00,0.4134328358208958,0.32478632478632447,0.41343283582089585,0.32478632478632363,8.927,11.478,-0.4394094902759043,-0.853460238578097,-0.4394094902759044,-0.8534602385780973,Bajo,Medio,False,True,True,False,True,False
2,1,122,alfa-romero,two,hatchback,rwd,front,94.5,171.2,65.5,52.4,2823,ohcv,six,152,mpfi,2.68,3.47,9.0,154,5000.0,19,26,16500.0,2025-08-22 10:27:24,22-08-2025 10:27:24,22-08-25 10:27:24,08-2025 10:27:24,22,Friday,8,2025,10:27:24,0.4492537313432835,0.4444444444444446,0.4492537313432834,0.44444444444444375,8.077,11.053,-0.24415236231984813,-0.18559674821136501,-0.2441523623198482,-0.18559674821136504,Medio,Medio,False,True,True,False,True,False
3,2,164,audi,four,sedan,fwd,front,99.8,176.6,66.2,54.3,2337,ohc,four,109,mpfi,3.19,3.4,10.0,102,5500.0,24,30,13950.0,2025-09-08 23:25:21,08-09-2025 23:25:21,08-09-25 23:25:21,09-2025 23:25:21,8,Monday,9,2025,23:25:21,0.5298507462686567,0.5042735042735046,0.5298507462686568,0.5042735042735043,10.202,12.753,0.19517617558128292,0.14833499697200103,0.19517617558128297,0.14833499697200106,Bajo,Medio,False,True,True,False,True,False
4,2,164,audi,four,sedan,4wd,front,99.4,176.6,66.4,54.3,2824,ohc,five,136,mpfi,3.19,3.4,8.0,115,5500.0,18,22,17450.0,2025-04-10 01:17:39,10-04-2025 01:17:39,10-04-25 01:17:39,04-2025 01:17:39,10,Thursday,4,2025,01:17:39,0.5298507462686567,0.521367521367522,0.5298507462686568,0.5213675213675213,7.652,9.352,0.19517617558128292,0.24374406702439227,0.19517617558128297,0.24374406702439233,Bajo,Medio,False,True,True,False,True,False
5,2,122,audi,two,sedan,fwd,front,99.8,177.3,66.3,53.1,2507,ohc,five,136,mpfi,3.19,3.4,8.5,110,5500.0,19,25,15250.0,2025-07-27 05:55:04,27-07-2025 05:55:04,27-07-25 05:55:04,07-2025 05:55:04,27,Sunday,7,2025,05:55:04,0.5402985074626868,0.5128205128205127,0.5402985074626869,0.5128205128205119,8.077,10.628,0.25212617123513453,0.19603953199819327,0.25212617123513464,0.1960395319981933,Bajo,Medio,False,True,True,False,True,False
6,1,158,audi,four,sedan,fwd,front,105.8,192.7,71.4,55.7,2844,ohc,five,136,mpfi,3.19,3.4,8.5,110,5500.0,19,25,17710.0,2025-05-11 15:40:50,11-05-2025 15:40:50,11-05-25 15:40:50,05-2025 15:40:50,11,Sunday,5,2025,15:40:50,0.7701492537313432,0.9487179487179492,0.770149253731343,0.9487179487179489,8.077,10.628,1.5050260756198384,2.62897081833414,1.5050260756198388,2.6289708183341403,Bajo,Medio,False,True,True,False,True,False
7,1,122,audi,four,wagon,fwd,front,105.8,192.7,71.4,55.7,2954,ohc,five,136,mpfi,3.19,3.4,8.5,110,5500.0,19,25,18920.0,2025-01-24 23:36:41,24-01-2025 23:36:41,24-01-25 23:36:41,01-2025 23:36:41,24,Friday,1,2025,23:36:41,0.7701492537313432,0.9487179487179492,0.770149253731343,0.9487179487179489,8.077,10.628,1.5050260756198384,2.62897081833414,1.5050260756198388,2.6289708183341403,Bajo,Medio,False,True,True,False,True,False
8,1,158,audi,four,sedan,fwd,front,105.8,192.7,71.4,55.9,3086,ohc,five,131,mpfi,3.13,3.4,8.3,140,5500.0,17,20,23875.0,2025-02-19 18:34:01,19-02-2025 18:34:01,19-02-25 18:34:01,02-2025 18:34:01,19,Wednesday,2,2025,18:34:01,0.7701492537313432,0.9487179487179492,0.770149253731343,0.9487179487179489,7.227,8.502,1.5050260756198384,2.62897081833414,1.5050260756198388,2.6289708183341403,Medio,Medio,False,True,False,True,False,True
9,2,192,bmw,two,sedan,rwd,front,101.2,176.8,64.8,54.3,2395,ohc,four,108,mpfi,3.5,2.8,8.8,101,5800.0,23,29,16430.0,2025-09-29 17:59:26,29-09-2025 17:59:26,29-09-25 17:59:26,09-2025 17:59:26,29,Monday,9,2025,17:59:26,0.5328358208955226,0.3846153846153845,0.5328358208955226,0.38461538461538414,9.777,12.328,0.2114476029109558,-0.5195284933947311,0.21144760291095585,-0.5195284933947312,Bajo,Medio,False,True,True,False,True,False
10,0,192,bmw,four,sedan,rwd,front,101.2,176.8,64.8,54.3,2395,ohc,four,108,mpfi,3.5,2.8,8.8,101,5800.0,23,29,16925.0,2025-01-27 07:41:50,27-01-2025 07:41:50,27-01-25 07:41:50,01-2025 07:41:50,27,Monday,1,2025,07:41:50,0.5328358208955226,0.3846153846153845,0.5328358208955226,0.38461538461538414,9.777,12.328,0.2114476029109558,-0.5195284933947311,0.21144760291095585,-0.5195284933947312,Bajo,Medio,False,True,True,False,True,False
11,0,188,bmw,two,sedan,rwd,front,101.2,176.8,64.8,54.3,2710,ohc,six,164,mpfi,3.31,3.19,9.0,121,4250.0,21,28,20970.0,2025-12-06 14:16:35,06-12-2025 14:16:35,06-12-25 14:16:35,12-2025 14:16:35,6,Saturday,12,2025,14:16:35,0.5328358208955226,0.3846153846153845,0.5328358208955226,0.38461538461538414,8.927,11.903,0.2114476029109558,-0.5195284933947311,0.21144760291095585,-0.5195284933947312,Medio,Medio,False,True,True,False,True,False
12,0,188,bmw,four,sedan,rwd,front,101.2,176.8,64.8,54.3,2765,ohc,six,164,mpfi,3.31,3.19,9.0,121,4250.0,21,28,21105.0,2025-10-03 05:59:40,03-10-2025 05:59:40,03-10-25 05:59:40,10-2025 05:59:40,3,Friday,10,2025,05:59:40,0.5328358208955226,0.3846153846153845,0.5328358208955226,0.38461538461538414,8.927,11.903,0.2114476029109558,-0.5195284933947311,0.21144760291095585,-0.5195284933947312,Medio,Medio,False,True,True,False,True,False
13,1,122,bmw,four,sedan,rwd,front,103.5,189.0,66.9,55.7,3055,ohc,six,164,mpfi,3.31,3.19,9.0,121,4250.0,20,25,24565.0,2025-11-15 09:03:20,15-11-2025 09:03:20,15-11-25 09:03:20,11-2025 09:03:20,15,Saturday,11,2025,09:03:20,0.7149253731343285,0.5641025641025647,0.7149253731343284,0.5641025641025639,8.502,10.628,1.2040046700209166,0.482266742155367,1.2040046700209168,0.48226674215536713,Medio,Medio,False,True,True,False,True,False
14,0,122,bmw,four,sedan,rwd,front,103.5,189.0,66.9,55.7,3230,ohc,six,209,mpfi,3.62,3.39,8.0,182,5400.0,16,22,30760.0,2025-11-02 02:24:20,02-11-2025 02:24:20,02-11-25 02:24:20,11-2025 02:24:20,2,Sunday,11,2025,02:24:20,0.7149253731343285,0.5641025641025647,0.7149253731343284,0.5641025641025639,6.802,9.352,1.2040046700209166,0.482266742155367,1.2040046700209168,0.48226674215536713,Medio,Medio,False,True,True,False,True,False
15,0,122,bmw,two,sedan,rwd,front,103.5,193.8,67.9,53.7,3380,ohc,six,209,mpfi,3.62,3.39,8.0,182,5400.0,16,22,41315.0,2025-02-25 11:11:15,25-02-2025 11:11:15,25-02-25 11:11:15,02-2025 11:11:15,25,Tuesday,2,2025,11:11:15,0.7865671641791048,0.6495726495726502,0.7865671641791048,0.6495726495726499,6.802,9.352,1.5945189259330335,0.9593120924173165,1.594518925933034,0.9593120924173167,Medio,Medio,False,True,True,False,True,False
16,0,122,bmw,four,sedan,rwd,front,110.0,197.0,70.9,56.3,3505,ohc,six,209,mpfi,3.62,3.39,8.0,182,5400.0,15,20,36880.0,2025-10-09 21:11:01,09-10-2025 21:11:01,09-10-25 21:11:01,10-2025 21:11:01,9,Thursday,10,2025,21:11:01,0.8343283582089553,0.9059829059829065,0.8343283582089551,0.9059829059829063,6.376,8.502,1.8548617632077766,2.390448143203165,1.854861763207777,2.3904481432031655,Medio,Medio,False,True,True,False,True,False
17,2,121,chevrolet,two,hatchback,fwd,front,88.4,141.1,60.3,53.2,1488,l,three,61,2bbl,2.91,3.03,9.5,48,5100.0,47,53,5151.0,2025-12-06 10:55:57,06-12-2025 10:55:57,06-12-25 10:55:57,12-2025 10:55:57,6,Saturday,12,2025,10:55:57,0.0,0.0,0.0,0.0,19.98,22.53,-2.6930021754354088,-2.666232569573504,-2.6930021754354097,-2.6662325695735043,,,False,True,True,False,True,False
18,1,98,chevrolet,two,hatchback,fwd,front,94.5,155.9,63.6,52.0,1874,ohc,four,90,2bbl,3.03,3.11,9.6,70,5400.0,38,43,6295.0,2025-01-27 05:31:24,27-01-2025 05:31:24,27-01-25 05:31:24,01-2025 05:31:24,27,Monday,1,2025,05:31:24,0.22089552238805987,0.2820512820512823,0.22089552238805998,0.28205128205128194,16.154,18.279,-1.4889165530397166,-1.0919829137090684,-1.488916553039717,-1.0919829137090686,Bajo,Bajo,False,True,True,False,True,False
19,0,81,chevrolet,four,sedan,fwd,front,94.5,158.8,63.6,52.0,1909,ohc,four,90,2bbl,3.03,3.11,9.6,70,5400.0,38,43,6575.0,2025-01-18 18:58:20,18-01-2025 18:58:20,18-01-25 18:58:20,01-2025 18:58:20,18,Saturday,1,2025,18:58:20,0.26417910447761217,0.2820512820512823,0.2641791044776123,0.28205128205128194,16.154,18.279,-1.2529808567594793,-1.0919829137090684,-1.2529808567594798,-1.0919829137090686,Bajo,Bajo,False,True,True,False,True,False
20,1,118,dodge,two,hatchback,fwd,front,93.7,157.3,63.8,50.8,1876,ohc,four,90,2bbl,2.97,3.23,9.41,68,5500.0,37,41,5572.0,2025-05-12 11:51:31,12-05-2025 11:51:31,12-05-25 11:51:31,05-2025 11:51:31,12,Monday,5,2025,11:51:31,0.24179104477611965,0.2991452991452991,0.2417910447761198,0.29914529914529897,15.729,17.429,-1.3750165617320158,-0.9965738436566806,-1.375016561732016,-0.9965738436566808,Bajo,Bajo,False,True,True,False,True,False
21,1,118,dodge,two,hatchback,fwd,front,93.7,157.3,63.8,50.8,1876,ohc,four,90,2bbl,2.97,3.23,9.4,68,5500.0,31,38,6377.0,2025-05-23 18:21:42,23-05-2025 18:21:42,23-05-25 18:21:42,05-2025 18:21:42,23,Friday,5,2025,18:21:42,0.24179104477611965,0.2991452991452991,0.2417910447761198,0.29914529914529897,13.178,16.154,-1.3750165617320158,-0.9965738436566806,-1.375016561732016,-0.9965738436566808,Bajo,Bajo,False,True,True,False,True,False
22,1,118,dodge,two,hatchback,fwd,front,93.7,157.3,63.8,50.8,2128,ohc,four,98,mpfi,3.03,3.39,7.6,102,5500.0,24,30,7957.0,2025-03-07 03:02:44,07-03-2025 03:02:44,07-03-25 03:02:44,03-2025 03:02:44,7,Friday,3,2025,03:02:44,0.24179104477611965,0.2991452991452991,0.2417910447761198,0.29914529914529897,10.202,12.753,-1.3750165617320158,-0.9965738436566806,-1.375016561732016,-0.9965738436566808,Bajo,Medio,False,True,False,True,False,True
23,1,148,dodge,four,hatchback,fwd,front,93.7,157.3,63.8,50.6,1967,ohc,four,90,2bbl,2.97,3.23,9.4,68,5500.0,31,38,6229.0,2025-10-21 18:50:38,21-10-2025 18:50:38,21-10-25 18:50:38,10-2025 18:50:38,21,Tuesday,10,2025,18:50:38,0.24179104477611965,0.2991452991452991,0.2417910447761198,0.29914529914529897,13.178,16.154,-1.3750165617320158,-0.9965738436566806,-1.375016561732016,-0.9965738436566808,Bajo,Bajo,False,True,True,False,True,False
24,1,148,dodge,four,sedan,fwd,front,93.7,157.3,63.8,50.6,1989,ohc,four,90,2bbl,2.97,3.23,9.4,68,5500.0,31,38,6692.0,2025-04-29 04:27:40,29-04-2025 04:27:40,29-04-25 04:27:40,04-2025 04:27:40,29,Tuesday,4,2025,04:27:40,0.24179104477611965,0.2991452991452991,0.2417910447761198,0.29914529914529897,13.178,16.154,-1.3750165617320158,-0.9965738436566806,-1.375016561732016,-0.9965738436566808,Bajo,Bajo,False,True,True,False,True,False
25,1,148,dodge,four,sedan,fwd,front,93.7,157.3,63.8,50.6,1989,ohc,four,90,2bbl,2.97,3.23,9.4,68,5500.0,31,38,7609.0,2025-10-06 10:26:17,06-10-2025 10:26:17,06-10-25 10:26:17,10-2025 10:26:17,6,Monday,10,2025,10:26:17,0.24179104477611965,0.2991452991452991,0.2417910447761198,0.29914529914529897,13.178,16.154,-1.3750165617320158,-0.9965738436566806,-1.375016561732016,-0.9965738436566808,Bajo,Bajo,False,True,True,False,True,False
26,1,148,dodge,four,sedan,fwd,front,93.7,157.3,63.8,50.6,2191,ohc,four,98,mpfi,3.03,3.39,7.6,102,5500.0,24,30,8558.0,2025-02-15 01:52:46,15-02-2025 01:52:46,15-02-25 01:52:46,02-2025 01:52:46,15,Saturday,2,2025,01:52:46,0.24179104477611965,0.2991452991452991,0.2417910447761198,0.29914529914529897,10.202,12.753,-1.3750165617320158,-0.9965738436566806,-1.375016561732016,-0.9965738436566808,Bajo,Medio,False,True,False,True,False,True
27,-1,110,dodge,four,wagon,fwd,front,103.3,174.6,64.6,59.8,2535,ohc,four,122,2bbl,3.34,3.46,8.5,88,5000.0,24,30,8921.0,2025-05-01 02:08:51,01-05-2025 02:08:51,01-05-25 02:08:51,05-2025 02:08:51,1,Thursday,5,2025,02:08:51,0.5,0.3675213675213672,0.5,0.3675213675213671,10.202,12.753,0.032461902284567884,-0.6149375634471222,0.03246190228456789,-0.6149375634471225,Bajo,Bajo,False,True,True,False,True,False
28,3,145,dodge,two,hatchback,fwd,front,95.9,173.2,66.3,50.2,2811,ohc,four,156,mfi,3.6,3.9,7.0,145,5000.0,19,24,12964.0,2025-02-24 00:13:00,24-02-2025 00:13:00,24-02-25 00:13:00,02-2025 00:13:00,24,Monday,2,2025,00:13:00,0.4791044776119402,0.5128205128205127,0.4791044776119402,0.5128205128205119,8.077,10.202,-0.0814380890231331,0.19603953199819327,-0.08143808902313313,0.1960395319981933,Medio,Medio,False,True,False,True,False,True
29,2,137,honda,two,hatchback,fwd,front,86.6,144.6,63.9,50.8,1713,ohc,four,92,1bbl,2.91,3.41,9.6,58,4800.0,49,54,6479.0,2025-08-11 17:03:23,11-08-2025 17:03:23,11-08-25 17:03:23,08-2025 17:03:23,11,Monday,8,2025,17:03:23,0.05223880597014925,0.30769230769230776,0.052238805970149294,0.3076923076923075,20.83,22.955,-2.4082521971661577,-0.9488693086304849,-2.408252197166158,-0.9488693086304851,Bajo,Bajo,False,True,True,False,True,False
30,2,137,honda,two,hatchback,fwd,front,86.6,144.6,63.9,50.8,1819,ohc,four,92,1bbl,2.91,3.41,9.2,76,6000.0,31,38,6855.0,2025-12-15 07:23:14,15-12-2025 07:23:14,15-12-25 07:23:14,12-2025 07:23:14,15,Monday,12,2025,07:23:14,0.05223880597014925,0.30769230769230776,0.052238805970149294,0.3076923076923075,13.178,16.154,-2.4082521971661577,-0.9488693086304849,-2.408252197166158,-0.9488693086304851,Bajo,Bajo,False,True,True,False,True,False
31,1,101,honda,two,hatchback,fwd,front,93.7,150.0,64.0,52.6,1837,ohc,four,79,1bbl,2.91,3.07,10.1,60,5500.0,38,42,5399.0,2025-05-09 00:41:29,09-05-2025 00:41:29,09-05-25 00:41:29,05-2025 00:41:29,9,Friday,5,2025,00:41:29,0.13283582089552248,0.3162393162393164,0.13283582089552226,0.316239316239316,16.154,17.854,-1.9689236592650265,-0.9011647736042893,-1.968923659265027,-0.9011647736042895,Bajo,Bajo,False,True,True,False,True,False
32,1,101,honda,two,hatchback,fwd,front,93.7,150.0,64.0,52.6,1940,ohc,four,92,1bbl,2.91,3.41,9.2,76,6000.0,30,34,6529.0,2025-09-02 04:14:35,02-09-2025 04:14:35,02-09-25 04:14:35,09-2025 04:14:35,2,Tuesday,9,2025,04:14:35,0.13283582089552248,0.3162393162393164,0.13283582089552226,0.316239316239316,12.753,14.453,-1.9689236592650265,-0.9011647736042893,-1.968923659265027,-0.9011647736042895,Bajo,Bajo,False,True,True,False,True,False
33,1,101,honda,two,hatchback,fwd,front,93.7,150.0,64.0,52.6,1956,ohc,four,92,1bbl,2.91,3.41,9.2,76,6000.0,30,34,7129.0,2025-02-21 06:18:21,21-02-2025 06:18:21,21-02-25 06:18:21,02-2025 06:18:21,21,Friday,2,2025,06:18:21,0.13283582089552248,0.3162393162393164,0.13283582089552226,0.316239316239316,12.753,14.453,-1.9689236592650265,-0.9011647736042893,-1.968923659265027,-0.9011647736042895,Bajo,Bajo,False,True,True,False,True,False
34,0,110,honda,four,sedan,fwd,front,96.5,163.4,64.0,54.5,2010,ohc,four,92,1bbl,2.91,3.41,9.2,76,6000.0,30,34,7295.0,2025-09-30 01:15:59,30-09-2025 01:15:59,30-09-25 01:15:59,09-2025 01:15:59,30,Tuesday,9,2025,01:15:59,0.33283582089552255,0.3162393162393164,0.33283582089552244,0.316239316239316,12.753,14.453,-0.8787380281770353,-0.9011647736042893,-0.8787380281770356,-0.9011647736042895,Bajo,Bajo,False,True,True,False,True,False
35,0,78,honda,four,wagon,fwd,front,96.5,157.1,63.9,58.3,2024,ohc,four,92,1bbl,2.92,3.41,9.2,76,6000.0,30,34,7295.0,2025-05-05 10:40:20,05-05-2025 10:40:20,05-05-25 10:40:20,05-2025 10:40:20,5,Monday,5,2025,10:40:20,0.23880597014925373,0.30769230769230776,0.23880597014925353,0.3076923076923075,12.753,14.453,-1.3912879890616885,-0.9488693086304849,-1.391287989061689,-0.9488693086304851,Bajo,Bajo,False,True,True,False,True,False
36,0,106,honda,two,hatchback,fwd,front,96.5,167.5,65.2,53.3,2236,ohc,four,110,1bbl,3.15,3.58,9.0,86,5800.0,27,33,7895.0,2025-12-17 16:24:50,17-12-2025 16:24:50,17-12-25 16:24:50,12-2025 16:24:50,17,Wednesday,12,2025,16:24:50,0.39402985074626873,0.4188034188034192,0.39402985074626873,0.4188034188034191,11.478,14.028,-0.54517376791877,-0.3287103532899485,-0.5451737679187701,-0.3287103532899486,Bajo,Bajo,False,True,True,False,True,False
37,0,106,honda,two,hatchback,fwd,front,96.5,167.5,65.2,53.3,2289,ohc,four,110,1bbl,3.15,3.58,9.0,86,5800.0,27,33,9095.0,2025-10-17 11:48:56,17-10-2025 11:48:56,17-10-25 11:48:56,10-2025 11:48:56,17,Friday,10,2025,11:48:56,0.39402985074626873,0.4188034188034192,0.39402985074626873,0.4188034188034191,11.478,14.028,-0.54517376791877,-0.3287103532899485,-0.5451737679187701,-0.3287103532899486,Bajo,Bajo,False,True,True,False,True,False
38,0,85,honda,four,sedan,fwd,front,96.5,175.4,65.2,54.1,2304,ohc,four,110,1bbl,3.15,3.58,9.0,86,5800.0,27,33,8845.0,2025-12-30 15:54:53,30-12-2025 15:54:53,30-12-25 15:54:53,12-2025 15:54:53,30,Tuesday,12,2025,15:54:53,0.5119402985074628,0.4188034188034192,0.5119402985074628,0.4188034188034191,11.478,14.028,0.09754761160325481,-0.3287103532899485,0.09754761160325484,-0.3287103532899486,Bajo,Bajo,False,True,True,False,True,False
39,0,85,honda,four,sedan,fwd,front,96.5,175.4,62.5,54.1,2372,ohc,four,110,1bbl,3.15,3.58,9.0,86,5800.0,27,33,10295.0,2025-07-04 14:47:57,04-07-2025 14:47:57,04-07-25 14:47:57,07-2025 14:47:57,4,Friday,7,2025,14:47:57,0.5119402985074628,0.18803418803418823,0.5119402985074628,0.18803418803418825,11.478,14.028,0.09754761160325481,-1.6167327989972136,0.09754761160325484,-1.616732798997214,Bajo,Bajo,False,True,True,False,True,False
40,0,85,honda,four,sedan,fwd,front,96.5,175.4,65.2,54.1,2465,ohc,four,110,mpfi,3.15,3.58,9.0,101,5800.0,24,28,12945.0,2025-03-13 07:22:56,13-03-2025 07:22:56,13-03-25 07:22:56,03-2025 07:22:56,13,Thursday,3,2025,07:22:56,0.5119402985074628,0.4188034188034192,0.5119402985074628,0.4188034188034191,10.202,11.903,0.09754761160325481,-0.3287103532899485,0.09754761160325484,-0.3287103532899486,Bajo,Medio,False,True,True,False,True,False
41,1,107,honda,two,sedan,fwd,front,96.5,169.1,66.0,51.0,2293,ohc,four,110,2bbl,3.15,3.58,9.1,100,5500.0,25,31,10345.0,2025-06-18 18:00:46,18-06-2025 18:00:46,18-06-25 18:00:46,06-2025 18:00:46,18,Wednesday,6,2025,18:00:46,0.417910447761194,0.4871794871794873,0.4179104477611939,0.4871794871794872,10.628,13.178,-0.41500234928139845,0.052925926919609755,-0.41500234928139856,0.05292592691960977,Bajo,Bajo,False,True,True,False,True,False
42,0,122,isuzu,four,sedan,rwd,front,94.3,170.7,61.8,53.5,2337,ohc,four,111,2bbl,3.31,3.23,8.5,78,4800.0,24,29,6785.0,2025-01-21 01:50:40,21-01-2025 01:50:40,21-01-25 01:50:40,01-2025 01:50:40,21,Tuesday,1,2025,01:50:40,0.4417910447761193,0.12820512820512817,0.4417910447761191,0.12820512820512775,10.202,12.328,-0.28483093064402687,-1.9506645441805797,-0.284830930644027,-1.95066454418058,Bajo,Bajo,False,True,True,False,True,False
43,2,122,isuzu,two,hatchback,rwd,front,96.0,172.6,65.2,51.4,2734,ohc,four,119,spfi,3.43,3.23,9.2,90,5000.0,24,29,11048.0,2025-01-07 00:52:46,07-01-2025 00:52:46,07-01-25 00:52:46,01-2025 00:52:46,7,Tuesday,1,2025,00:52:46,0.4701492537313433,0.4188034188034192,0.4701492537313432,0.4188034188034191,10.202,12.328,-0.13025237101214715,-0.3287103532899485,-0.13025237101214718,-0.3287103532899486,Bajo,Bajo,False,True,True,False,True,False
44,0,145,jaguar,four,sedan,rwd,front,113.0,199.6,69.6,52.8,4066,dohc,six,258,mpfi,3.63,4.17,8.1,176,4750.0,15,19,32250.0,2025-04-05 02:04:43,05-04-2025 02:04:43,05-04-25 02:04:43,04-2025 02:04:43,5,Saturday,4,2025,02:04:43,0.8731343283582089,0.7948717948717945,0.8731343283582089,0.7948717948717938,6.376,8.077,2.0663903184935055,1.7702891878626255,2.0663903184935064,1.7702891878626257,Medio,Medio,False,True,True,False,True,False
45,0,122,jaguar,four,sedan,rwd,front,113.0,199.6,69.6,52.8,4066,dohc,six,258,mpfi,3.63,4.17,8.1,176,4750.0,15,19,35550.0,2025-10-09 22:30:47,09-10-2025 22:30:47,09-10-25 22:30:47,10-2025 22:30:47,9,Thursday,10,2025,22:30:47,0.8731343283582089,0.7948717948717945,0.8731343283582089,0.7948717948717938,6.376,8.077,2.0663903184935055,1.7702891878626255,2.0663903184935064,1.7702891878626257,Medio,Medio,False,True,True,False,True,False
46,0,122,jaguar,two,sedan,rwd,front,102.0,191.7,70.6,47.8,3950,ohcv,twelve,326,mpfi,3.54,2.76,11.5,262,5000.0,13,17,36000.0,2025-05-19 23:57:09,19-05-2025 23:57:09,19-05-25 23:57:09,05-2025 23:57:09,19,Monday,5,2025,23:57:09,0.7552238805970148,0.8803418803418799,0.7552238805970148,0.8803418803418799,5.526,7.227,1.423668938971481,2.247334538124575,1.4236689389714814,2.2473345381245755,Alto,Alto,False,True,True,False,True,False
47,1,104,mazda,two,hatchback,fwd,front,93.1,159.1,64.2,54.1,1890,ohc,four,91,2bbl,3.03,3.15,9.0,68,5000.0,30,31,5195.0,2025-06-01 14:55:09,01-06-2025 14:55:09,01-06-25 14:55:09,06-2025 14:55:09,1,Sunday,6,2025,14:55:09,0.26865671641791045,0.33333333333333376,0.26865671641791034,0.33333333333333304,12.753,13.178,-1.2285737157649737,-0.8057557035518981,-1.2285737157649739,-0.8057557035518982,Bajo,Bajo,False,True,True,False,True,False
48,1,104,mazda,two,hatchback,fwd,front,93.1,159.1,64.2,54.1,1900,ohc,four,91,2bbl,3.03,3.15,9.0,68,5000.0,31,38,6095.0,2025-12-02 07:49:28,02-12-2025 07:49:28,02-12-25 07:49:28,12-2025 07:49:28,2,Tuesday,12,2025,07:49:28,0.26865671641791045,0.33333333333333376,0.26865671641791034,0.33333333333333304,13.178,16.154,-1.2285737157649737,-0.8057557035518981,-1.2285737157649739,-0.8057557035518982,Bajo,Bajo,False,True,True,False,True,False
49,1,104,mazda,two,hatchback,fwd,front,93.1,159.1,64.2,54.1,1905,ohc,four,91,2bbl,3.03,3.15,9.0,68,5000.0,31,38,6795.0,2025-09-25 22:42:11,25-09-2025 22:42:11,25-09-25 22:42:11,09-2025 22:42:11,25,Thursday,9,2025,22:42:11,0.26865671641791045,0.33333333333333376,0.26865671641791034,0.33333333333333304,13.178,16.154,-1.2285737157649737,-0.8057557035518981,-1.2285737157649739,-0.8057557035518982,Bajo,Bajo,False,True,True,False,True,False
50,1,113,mazda,four,sedan,fwd,front,93.1,166.8,64.2,54.1,1945,ohc,four,91,2bbl,3.03,3.15,9.0,68,5000.0,31,38,6695.0,2025-05-25 23:37:27,25-05-2025 23:37:27,25-05-25 23:37:27,05-2025 23:37:27,25,Sunday,5,2025,23:37:27,0.38358208955223905,0.33333333333333376,0.38358208955223905,0.33333333333333304,13.178,16.154,-0.6021237635726193,-0.8057557035518981,-0.6021237635726195,-0.8057557035518982,Bajo,Bajo,False,True,True,False,True,False
51,1,113,mazda,four,sedan,fwd,front,93.1,166.8,64.2,54.1,1950,ohc,four,91,2bbl,3.08,3.15,9.0,68,5000.0,31,38,7395.0,2025-03-16 07:34:13,16-03-2025 07:34:13,16-03-25 07:34:13,03-2025 07:34:13,16,Sunday,3,2025,07:34:13,0.38358208955223905,0.33333333333333376,0.38358208955223905,0.33333333333333304,13.178,16.154,-0.6021237635726193,-0.8057557035518981,-0.6021237635726195,-0.8057557035518982,Bajo,Bajo,False,True,True,False,True,False
52,3,150,mazda,two,hatchback,rwd,front,95.3,169.0,65.7,49.6,2380,rotor,two,70,4bbl,3.3298,3.2554,9.4,101,6000.0,17,23,10945.0,2025-04-21 20:50:52,21-04-2025 20:50:52,21-04-25 20:50:52,04-2025 20:50:52,21,Monday,4,2025,20:50:52,0.4164179104477613,0.4615384615384619,0.4164179104477612,0.4615384615384617,7.227,9.777,-0.42313806294623374,-0.09018767815897374,-0.42313806294623385,-0.09018767815897376,Bajo,Medio,False,True,True,False,True,False
53,3,150,mazda,two,hatchback,rwd,front,95.3,169.0,65.7,49.6,2380,rotor,two,70,4bbl,3.3298,3.2554,9.4,101,6000.0,17,23,11845.0,2025-09-03 07:36:42,03-09-2025 07:36:42,03-09-25 07:36:42,09-2025 07:36:42,3,Wednesday,9,2025,07:36:42,0.4164179104477613,0.4615384615384619,0.4164179104477612,0.4615384615384617,7.227,9.777,-0.42313806294623374,-0.09018767815897374,-0.42313806294623385,-0.09018767815897376,Bajo,Medio,False,True,True,False,True,False
54,3,150,mazda,two,hatchback,rwd,front,95.3,169.0,65.7,49.6,2385,rotor,two,70,4bbl,3.3298,3.2554,9.4,101,6000.0,17,23,13645.0,2025-01-13 13:41:50,13-01-2025 13:41:50,13-01-25 13:41:50,01-2025 13:41:50,13,Monday,1,2025,13:41:50,0.4164179104477613,0.4615384615384619,0.4164179104477612,0.4615384615384617,7.227,9.777,-0.42313806294623374,-0.09018767815897374,-0.42313806294623385,-0.09018767815897376,Bajo,Medio,False,True,True,False,True,False
55,3,150,mazda,two,hatchback,rwd,front,95.3,169.0,65.7,49.6,2500,rotor,two,80,mpfi,3.3298,3.2554,9.4,135,6000.0,16,23,15645.0,2025-10-23 20:32:21,23-10-2025 20:32:21,23-10-25 20:32:21,10-2025 20:32:21,23,Thursday,10,2025,20:32:21,0.4164179104477613,0.4615384615384619,0.4164179104477612,0.4615384615384617,6.802,9.777,-0.42313806294623374,-0.09018767815897374,-0.42313806294623385,-0.09018767815897376,Medio,Medio,False,True,True,False,True,False
56,1,129,mazda,two,hatchback,fwd,front,98.8,177.8,66.5,53.7,2385,ohc,four,122,2bbl,3.39,3.39,8.6,84,4800.0,26,32,8845.0,2025-10-27 09:36:58,27-10-2025 09:36:58,27-10-25 09:36:58,10-2025 09:36:58,27,Monday,10,2025,09:36:58,0.547761194029851,0.52991452991453,0.5477611940298508,0.5299145299145298,11.053,13.603,0.2928047395593133,0.29144860205058454,0.2928047395593134,0.2914486020505846,Bajo,Bajo,False,True,True,False,True,False
57,0,115,mazda,four,sedan,fwd,front,98.8,177.8,66.5,55.5,2410,ohc,four,122,2bbl,3.39,3.39,8.6,84,4800.0,26,32,8495.0,2025-09-22 05:24:38,22-09-2025 05:24:38,22-09-25 05:24:38,09-2025 05:24:38,22,Monday,9,2025,05:24:38,0.547761194029851,0.52991452991453,0.5477611940298508,0.5299145299145298,11.053,13.603,0.2928047395593133,0.29144860205058454,0.2928047395593134,0.2914486020505846,Bajo,Bajo,False,True,True,False,True,False
58,1,129,mazda,two,hatchback,fwd,front,98.8,177.8,66.5,53.7,2385,ohc,four,122,2bbl,3.39,3.39,8.6,84,4800.0,26,32,10595.0,2025-06-12 21:02:03,12-06-2025 21:02:03,12-06-25 21:02:03,06-2025 21:02:03,12,Thursday,6,2025,21:02:03,0.547761194029851,0.52991452991453,0.5477611940298508,0.5299145299145298,11.053,13.603,0.2928047395593133,0.29144860205058454,0.2928047395593134,0.2914486020505846,Bajo,Bajo,False,True,True,False,True,False
59,0,115,mazda,four,sedan,fwd,front,98.8,177.8,66.5,55.5,2410,ohc,four,122,2bbl,3.39,3.39,8.6,84,4800.0,26,32,10245.0,2025-12-06 23:09:33,06-12-2025 23:09:33,06-12-25 23:09:33,12-2025 23:09:33,6,Saturday,12,2025,23:09:33,0.547761194029851,0.52991452991453,0.5477611940298508,0.5299145299145298,11.053,13.603,0.2928047395593133,0.29144860205058454,0.2928047395593134,0.2914486020505846,Bajo,Bajo,False,True,True,False,True,False
60,0,122,mazda,four,sedan,fwd,front,98.8,177.8,66.5,55.5,2443,ohc,four,122,idi,3.39,3.39,22.7,64,4650.0,36,42,10795.0,2025-06-09 10:00:28,09-06-2025 10:00:28,09-06-25 10:00:28,06-2025 10:00:28,9,Monday,6,2025,10:00:28,0.547761194029851,0.52991452991453,0.5477611940298508,0.5299145299145298,15.304,17.854,0.2928047395593133,0.29144860205058454,0.2928047395593134,0.2914486020505846,Bajo,Bajo,True,False,True,False,True,False
61,0,115,mazda,four,hatchback,fwd,front,98.8,177.8,66.5,55.5,2425,ohc,four,122,2bbl,3.39,3.39,8.6,84,4800.0,26,32,11245.0,2025-05-31 10:24:25,31-05-2025 10:24:25,31-05-25 10:24:25,05-2025 10:24:25,31,Saturday,5,2025,10:24:25,0.547761194029851,0.52991452991453,0.5477611940298508,0.5299145299145298,11.053,13.603,0.2928047395593133,0.29144860205058454,0.2928047395593134,0.2914486020505846,Bajo,Bajo,False,True,True,False,True,False
62,0,118,mazda,four,sedan,rwd,front,104.9,175.0,66.1,54.4,2670,ohc,four,140,mpfi,3.76,3.16,8.0,120,5000.0,19,27,18280.0,2025-07-07 12:09:58,07-07-2025 12:09:58,07-07-25 12:09:58,07-2025 12:09:58,7,Monday,7,2025,12:09:58,0.5059701492537314,0.49572649572649535,0.5059701492537312,0.49572649572649485,8.077,11.478,0.06500475694391135,0.100630461945802,0.06500475694391136,0.10063046194580202,Medio,Medio,False,True,True,False,True,False
63,0,122,mazda,four,sedan,rwd,front,104.9,175.0,66.1,54.4,2700,ohc,four,134,idi,3.43,3.64,22.0,72,4200.0,31,39,18344.0,2025-07-27 12:30:22,27-07-2025 12:30:22,27-07-25 12:30:22,07-2025 12:30:22,27,Sunday,7,2025,12:30:22,0.5059701492537314,0.49572649572649535,0.5059701492537312,0.49572649572649485,13.178,16.579,0.06500475694391135,0.100630461945802,0.06500475694391136,0.10063046194580202,Bajo,Bajo,True,False,True,False,True,False
64,-1,93,mercedes-benz,four,sedan,rwd,front,110.0,190.9,70.3,56.5,3515,ohc,five,183,idi,3.58,3.64,21.5,123,4350.0,22,25,25552.0,2025-07-09 01:28:05,09-07-2025 01:28:05,09-07-25 01:28:05,07-2025 01:28:05,9,Wednesday,7,2025,01:28:05,0.7432835820895524,0.8547008547008544,0.7432835820895525,0.8547008547008543,9.352,10.628,1.3585832296527962,2.1042209330459913,1.3585832296527967,2.104220933045992,Medio,Medio,True,False,False,True,False,True
65,-1,93,mercedes-benz,four,wagon,rwd,front,110.0,190.9,70.3,58.7,3750,ohc,five,183,idi,3.58,3.64,21.5,123,4350.0,22,25,28248.0,2025-10-18 04:22:45,18-10-2025 04:22:45,18-10-25 04:22:45,10-2025 04:22:45,18,Saturday,10,2025,04:22:45,0.7432835820895524,0.8547008547008544,0.7432835820895525,0.8547008547008543,9.352,10.628,1.3585832296527962,2.1042209330459913,1.3585832296527967,2.104220933045992,Medio,Medio,True,False,False,True,False,True
66,0,93,mercedes-benz,two,hardtop,rwd,front,106.7,187.5,70.3,54.9,3495,ohc,five,183,idi,3.58,3.64,21.5,123,4350.0,22,25,28176.0,2025-10-15 14:15:37,15-10-2025 14:15:37,15-10-25 14:15:37,10-2025 14:15:37,15,Wednesday,10,2025,14:15:37,0.6925373134328359,0.8547008547008544,0.6925373134328359,0.8547008547008543,9.352,10.628,1.0819689650483804,2.1042209330459913,1.0819689650483806,2.104220933045992,Medio,Medio,True,False,False,True,False,True
67,-1,93,mercedes-benz,four,sedan,rwd,front,115.6,202.6,71.7,56.3,3770,ohc,five,183,idi,3.58,3.64,21.5,123,4350.0,22,25,31600.0,2025-11-29 04:02:01,29-11-2025 04:02:01,29-11-25 04:02:01,11-2025 04:02:01,29,Saturday,11,2025,04:02:01,0.917910447761194,0.9743589743589746,0.9179104477611939,0.9743589743589745,9.352,10.628,2.3104617284385784,2.7720844234127235,2.310461728438579,2.772084423412724,Medio,Medio,True,False,False,True,False,True
68,-1,122,mercedes-benz,four,sedan,rwd,front,115.6,202.6,71.7,56.5,3740,ohcv,eight,234,mpfi,3.46,3.1,8.3,155,4750.0,16,18,34184.0,2025-06-13 18:46:41,13-06-2025 18:46:41,13-06-25 18:46:41,06-2025 18:46:41,13,Friday,6,2025,18:46:41,0.917910447761194,0.9743589743589746,0.9179104477611939,0.9743589743589745,6.802,7.652,2.3104617284385784,2.7720844234127235,2.310461728438579,2.772084423412724,Medio,Medio,False,True,True,False,True,False
69,3,142,mercedes-benz,two,convertible,rwd,front,96.6,180.3,70.5,50.8,3685,ohcv,eight,234,mpfi,3.46,3.1,8.3,155,4750.0,16,18,35056.0,2025-04-18 09:05:05,18-04-2025 09:05:05,18-04-25 09:05:05,04-2025 09:05:05,18,Friday,4,2025,09:05:05,0.5850746268656719,0.8717948717948718,0.5850746268656719,0.8717948717948714,6.802,7.652,0.49619758118020707,2.199630003098383,0.49619758118020724,2.1996300030983833,Medio,Medio,False,True,True,False,True,False
70,0,122,mercedes-benz,four,sedan,rwd,front,120.9,208.1,71.7,56.7,3900,ohcv,eight,308,mpfi,3.8,3.35,8.0,184,4500.0,14,16,40960.0,2025-06-07 03:58:07,07-06-2025 03:58:07,07-06-25 03:58:07,06-2025 03:58:07,7,Saturday,6,2025,03:58:07,1.0,0.9743589743589746,1.0,0.9743589743589745,5.951,6.802,2.7579259800045444,2.7720844234127235,2.7579259800045453,2.772084423412724,Medio,Medio,False,True,True,False,True,False
71,1,122,mercedes-benz,two,hardtop,rwd,front,112.0,199.2,72.0,55.4,3715,ohcv,eight,304,mpfi,3.8,3.35,8.0,184,4500.0,14,16,45400.0,2025-12-16 17:05:35,16-12-2025 17:05:35,16-12-25 17:05:35,12-2025 17:05:35,16,Tuesday,12,2025,17:05:35,0.8671641791044775,1.0,0.8671641791044773,0.9999999999999991,5.951,6.802,2.0338474638341624,2.915198028491307,2.033847463834163,2.9151980284913077,Medio,Medio,False,True,True,False,True,False
72,1,122,mercury,two,hatchback,rwd,front,102.7,178.4,68.0,54.8,2910,ohc,four,140,mpfi,3.78,3.12,8.0,175,5000.0,19,24,16503.0,2025-07-14 04:25:33,14-07-2025 04:25:33,14-07-25 04:25:33,07-2025 04:25:33,14,Monday,7,2025,04:25:33,0.5567164179104479,0.6581196581196582,0.5567164179104478,0.6581196581196576,8.077,10.202,0.34161902154832735,1.0070166274435088,0.34161902154832746,1.007016627443509,Medio,Medio,False,True,False,True,False,True
73,2,161,mitsubishi,two,hatchback,fwd,front,93.7,157.3,64.4,50.8,1918,ohc,four,92,2bbl,2.97,3.23,9.4,68,5500.0,37,41,5389.0,2025-03-13 07:39:50,13-03-2025 07:39:50,13-03-25 07:39:50,03-2025 07:39:50,13,Thursday,3,2025,07:39:50,0.24179104477611965,0.35042735042735107,0.2417910447761198,0.35042735042735096,15.729,17.429,-1.3750165617320158,-0.7103466334995068,-1.375016561732016,-0.7103466334995069,Bajo,Bajo,False,True,True,False,True,False
74,2,161,mitsubishi,two,hatchback,fwd,front,93.7,157.3,64.4,50.8,1944,ohc,four,92,2bbl,2.97,3.23,9.4,68,5500.0,31,38,6189.0,2025-12-23 21:23:19,23-12-2025 21:23:19,23-12-25 21:23:19,12-2025 21:23:19,23,Tuesday,12,2025,21:23:19,0.24179104477611965,0.35042735042735107,0.2417910447761198,0.35042735042735096,13.178,16.154,-1.3750165617320158,-0.7103466334995068,-1.375016561732016,-0.7103466334995069,Bajo,Bajo,False,True,True,False,True,False
75,2,161,mitsubishi,two,hatchback,fwd,front,93.7,157.3,64.4,50.8,2004,ohc,four,92,2bbl,2.97,3.23,9.4,68,5500.0,31,38,6669.0,2025-03-12 16:35:35,12-03-2025 16:35:35,12-03-25 16:35:35,03-2025 16:35:35,12,Wednesday,3,2025,16:35:35,0.24179104477611965,0.35042735042735107,0.2417910447761198,0.35042735042735096,13.178,16.154,-1.3750165617320158,-0.7103466334995068,-1.375016561732016,-0.7103466334995069,Bajo,Bajo,False,True,True,False,True,False
76,1,161,mitsubishi,two,hatchback,fwd,front,93.0,157.3,63.8,50.8,2145,ohc,four,98,spdi,3.03,3.39,7.6,102,5500.0,24,30,7689.0,2025-09-19 05:30:32,19-09-2025 05:30:32,19-09-25 05:30:32,09-2025 05:30:32,19,Friday,9,2025,05:30:32,0.24179104477611965,0.2991452991452991,0.2417910447761198,0.29914529914529897,10.202,12.753,-1.3750165617320158,-0.9965738436566806,-1.375016561732016,-0.9965738436566808,Bajo,Medio,False,True,False,True,False,True
77,3,153,mitsubishi,two,hatchback,fwd,front,96.3,173.0,65.4,49.4,2370,ohc,four,110,spdi,3.17,3.46,7.5,116,5500.0,23,30,9959.0,2025-11-21 15:49:46,21-11-2025 15:49:46,21-11-25 15:49:46,11-2025 15:49:46,21,Friday,11,2025,15:49:46,0.4761194029850747,0.4358974358974365,0.4761194029850748,0.4358974358974361,9.777,12.753,-0.09770951635280367,-0.23330128323755725,-0.0977095163528037,-0.2333012832375573,Bajo,Medio,False,True,False,True,False,True
78,3,153,mitsubishi,two,hatchback,fwd,front,96.3,173.0,65.4,49.4,2328,ohc,four,122,2bbl,3.35,3.46,8.5,88,5000.0,25,32,8499.0,2025-03-07 13:00:01,07-03-2025 13:00:01,07-03-25 13:00:01,03-2025 13:00:01,7,Friday,3,2025,13:00:01,0.4761194029850747,0.4358974358974365,0.4761194029850748,0.4358974358974361,10.628,13.603,-0.09770951635280367,-0.23330128323755725,-0.0977095163528037,-0.2333012832375573,Bajo,Bajo,False,True,True,False,True,False
79,3,122,mitsubishi,two,hatchback,fwd,front,95.9,173.2,66.3,50.2,2833,ohc,four,156,spdi,3.58,3.86,7.0,145,5000.0,19,24,12629.0,2025-03-06 08:48:53,06-03-2025 08:48:53,06-03-25 08:48:53,03-2025 08:48:53,6,Thursday,3,2025,08:48:53,0.4791044776119402,0.5128205128205127,0.4791044776119402,0.5128205128205119,8.077,10.202,-0.0814380890231331,0.19603953199819327,-0.08143808902313313,0.1960395319981933,Medio,Medio,False,True,False,True,False,True
80,3,122,mitsubishi,two,hatchback,fwd,front,95.9,173.2,66.3,50.2,2921,ohc,four,156,spdi,3.59,3.86,7.0,145,5000.0,19,24,14869.0,2025-10-04 18:15:26,04-10-2025 18:15:26,04-10-25 18:15:26,10-2025 18:15:26,4,Saturday,10,2025,18:15:26,0.4791044776119402,0.5128205128205127,0.4791044776119402,0.5128205128205119,8.077,10.202,-0.0814380890231331,0.19603953199819327,-0.08143808902313313,0.1960395319981933,Medio,Medio,False,True,False,True,False,True
81,3,122,mitsubishi,two,hatchback,fwd,front,95.9,173.2,66.3,50.2,2926,ohc,four,156,spdi,3.59,3.86,7.0,145,5000.0,19,24,14489.0,2025-11-03 16:10:55,03-11-2025 16:10:55,03-11-25 16:10:55,11-2025 16:10:55,3,Monday,11,2025,16:10:55,0.4791044776119402,0.5128205128205127,0.4791044776119402,0.5128205128205119,8.077,10.202,-0.0814380890231331,0.19603953199819327,-0.08143808902313313,0.1960395319981933,Medio,Medio,False,True,False,True,False,True
82,1,125,mitsubishi,four,sedan,fwd,front,96.3,172.4,65.4,51.6,2365,ohc,four,122,2bbl,3.35,3.46,8.5,88,5000.0,25,32,6989.0,2025-09-27 10:11:15,27-09-2025 10:11:15,27-09-25 10:11:15,09-2025 10:11:15,27,Saturday,9,2025,10:11:15,0.4671641791044778,0.4358974358974365,0.46716417910447783,0.4358974358974361,10.628,13.603,-0.14652379834181772,-0.23330128323755725,-0.14652379834181775,-0.2333012832375573,Bajo,Bajo,False,True,True,False,True,False
83,1,125,mitsubishi,four,sedan,fwd,front,96.3,172.4,65.4,51.6,2405,ohc,four,122,2bbl,3.35,3.46,8.5,88,5000.0,25,32,8189.0,2025-10-13 01:34:39,13-10-2025 01:34:39,13-10-25 01:34:39,10-2025 01:34:39,13,Monday,10,2025,01:34:39,0.4671641791044778,0.4358974358974365,0.46716417910447783,0.4358974358974361,10.628,13.603,-0.14652379834181772,-0.23330128323755725,-0.14652379834181775,-0.2333012832375573,Bajo,Bajo,False,True,True,False,True,False
84,1,125,mitsubishi,four,sedan,fwd,front,96.3,172.4,65.4,51.6,2403,ohc,four,110,spdi,3.17,3.46,7.5,116,5500.0,23,30,9279.0,2025-06-04 03:08:19,04-06-2025 03:08:19,04-06-25 03:08:19,06-2025 03:08:19,4,Wednesday,6,2025,03:08:19,0.4671641791044778,0.4358974358974365,0.46716417910447783,0.4358974358974361,9.777,12.753,-0.14652379834181772,-0.23330128323755725,-0.14652379834181775,-0.2333012832375573,Bajo,Medio,False,True,False,True,False,True
85,-1,137,mitsubishi,four,sedan,fwd,front,96.3,172.4,65.4,51.6,2403,ohc,four,110,spdi,3.17,3.46,7.5,116,5500.0,23,30,9279.0,2025-12-26 04:19:13,26-12-2025 04:19:13,26-12-25 04:19:13,12-2025 04:19:13,26,Friday,12,2025,04:19:13,0.4671641791044778,0.4358974358974365,0.46716417910447783,0.4358974358974361,9.777,12.753,-0.14652379834181772,-0.23330128323755725,-0.14652379834181775,-0.2333012832375573,Bajo,Medio,False,True,True,False,True,False
86,1,128,nissan,two,sedan,fwd,front,94.5,165.3,63.8,54.5,1889,ohc,four,97,2bbl,3.15,3.29,9.4,69,5200.0,31,37,5499.0,2025-10-10 11:11:05,10-10-2025 11:11:05,10-10-25 11:11:05,10-2025 11:11:05,10,Friday,10,2025,11:11:05,0.3611940298507465,0.2991452991452991,0.36119402985074656,0.29914529914529897,13.178,15.729,-0.7241594685451556,-0.9965738436566806,-0.7241594685451558,-0.9965738436566808,Bajo,Bajo,False,True,True,False,True,False
87,1,128,nissan,two,sedan,fwd,front,94.5,165.3,63.8,54.5,2017,ohc,four,103,idi,2.99,3.47,21.9,55,4800.0,45,50,7099.0,2025-03-12 02:49:00,12-03-2025 02:49:00,12-03-25 02:49:00,03-2025 02:49:00,12,Wednesday,3,2025,02:49:00,0.3611940298507465,0.2991452991452991,0.36119402985074656,0.29914529914529897,19.13,21.255,-0.7241594685451556,-0.9965738436566806,-0.7241594685451558,-0.9965738436566808,Bajo,Bajo,True,False,True,False,True,False
88,1,128,nissan,two,sedan,fwd,front,94.5,165.3,63.8,54.5,1918,ohc,four,97,2bbl,3.15,3.29,9.4,69,5200.0,31,37,6649.0,2025-10-03 03:47:32,03-10-2025 03:47:32,03-10-25 03:47:32,10-2025 03:47:32,3,Friday,10,2025,03:47:32,0.3611940298507465,0.2991452991452991,0.36119402985074656,0.29914529914529897,13.178,15.729,-0.7241594685451556,-0.9965738436566806,-0.7241594685451558,-0.9965738436566808,Bajo,Bajo,False,True,True,False,True,False
89,1,122,nissan,four,sedan,fwd,front,94.5,165.3,63.8,54.5,1938,ohc,four,97,2bbl,3.15,3.29,9.4,69,5200.0,31,37,6849.0,2025-06-15 10:00:57,15-06-2025 10:00:57,15-06-25 10:00:57,06-2025 10:00:57,15,Sunday,6,2025,10:00:57,0.3611940298507465,0.2991452991452991,0.36119402985074656,0.29914529914529897,13.178,15.729,-0.7241594685451556,-0.9965738436566806,-0.7241594685451558,-0.9965738436566808,Bajo,Bajo,False,True,True,False,True,False
90,1,103,nissan,four,wagon,fwd,front,94.5,170.2,63.8,53.5,2024,ohc,four,97,2bbl,3.15,3.29,9.4,69,5200.0,31,37,7349.0,2025-10-14 02:04:56,14-10-2025 02:04:56,14-10-25 02:04:56,10-2025 02:04:56,14,Tuesday,10,2025,02:04:56,0.43432835820895516,0.2991452991452991,0.4343283582089552,0.29914529914529897,13.178,15.729,-0.32550949896820564,-0.9965738436566806,-0.32550949896820575,-0.9965738436566808,Bajo,Bajo,False,True,True,False,True,False
91,1,128,nissan,two,sedan,fwd,front,94.5,165.3,63.8,54.5,1951,ohc,four,97,2bbl,3.15,3.29,9.4,69,5200.0,31,37,7299.0,2025-09-30 17:05:45,30-09-2025 17:05:45,30-09-25 17:05:45,09-2025 17:05:45,30,Tuesday,9,2025,17:05:45,0.3611940298507465,0.2991452991452991,0.36119402985074656,0.29914529914529897,13.178,15.729,-0.7241594685451556,-0.9965738436566806,-0.7241594685451558,-0.9965738436566808,Bajo,Bajo,False,True,True,False,True,False
92,1,128,nissan,two,hatchback,fwd,front,94.5,165.6,63.8,53.3,2028,ohc,four,97,2bbl,3.15,3.29,9.4,69,5200.0,31,37,7799.0,2025-05-13 23:20:42,13-05-2025 23:20:42,13-05-25 23:20:42,05-2025 23:20:42,13,Tuesday,5,2025,23:20:42,0.3656716417910448,0.2991452991452991,0.3656716417910446,0.29914529914529897,13.178,15.729,-0.6997523275506498,-0.9965738436566806,-0.69975232755065,-0.9965738436566808,Bajo,Bajo,False,True,True,False,True,False
93,1,122,nissan,four,sedan,fwd,front,94.5,165.3,63.8,54.5,1971,ohc,four,97,2bbl,3.15,3.29,9.4,69,5200.0,31,37,7499.0,2025-05-09 13:10:12,09-05-2025 13:10:12,09-05-25 13:10:12,05-2025 13:10:12,9,Friday,5,2025,13:10:12,0.3611940298507465,0.2991452991452991,0.36119402985074656,0.29914529914529897,13.178,15.729,-0.7241594685451556,-0.9965738436566806,-0.7241594685451558,-0.9965738436566808,Bajo,Bajo,False,True,True,False,True,False
94,1,103,nissan,four,wagon,fwd,front,94.5,170.2,63.8,53.5,2037,ohc,four,97,2bbl,3.15,3.29,9.4,69,5200.0,31,37,7999.0,2025-05-25 06:59:51,25-05-2025 06:59:51,25-05-25 06:59:51,05-2025 06:59:51,25,Sunday,5,2025,06:59:51,0.43432835820895516,0.2991452991452991,0.4343283582089552,0.29914529914529897,13.178,15.729,-0.32550949896820564,-0.9965738436566806,-0.32550949896820575,-0.9965738436566808,Bajo,Bajo,False,True,True,False,True,False
95,2,168,nissan,two,hardtop,fwd,front,95.1,162.4,63.8,53.3,2008,ohc,four,97,2bbl,3.15,3.29,9.4,69,5200.0,31,37,8249.0,2025-02-26 04:53:47,26-02-2025 04:53:47,26-02-25 04:53:47,02-2025 04:53:47,26,Wednesday,2,2025,04:53:47,0.3179104477611942,0.2991452991452991,0.31791044776119426,0.29914529914529897,13.178,15.729,-0.9600951648253928,-0.9965738436566806,-0.9600951648253931,-0.9965738436566808,Bajo,Bajo,False,True,True,False,True,False
96,0,106,nissan,four,hatchback,fwd,front,97.2,173.4,65.2,54.7,2324,ohc,four,120,2bbl,3.33,3.47,8.5,97,5200.0,27,34,8949.0,2025-09-25 23:45:37,25-09-2025 23:45:37,25-09-25 23:45:37,09-2025 23:45:37,25,Thursday,9,2025,23:45:37,0.4820895522388061,0.4188034188034192,0.482089552238806,0.4188034188034191,11.478,14.453,-0.0651666616934602,-0.3287103532899485,-0.06516666169346022,-0.3287103532899486,Bajo,Bajo,False,True,True,False,True,False
97,0,106,nissan,four,sedan,fwd,front,97.2,173.4,65.2,54.7,2302,ohc,four,120,2bbl,3.33,3.47,8.5,97,5200.0,27,34,9549.0,2025-01-15 04:20:45,15-01-2025 04:20:45,15-01-25 04:20:45,01-2025 04:20:45,15,Wednesday,1,2025,04:20:45,0.4820895522388061,0.4188034188034192,0.482089552238806,0.4188034188034191,11.478,14.453,-0.0651666616934602,-0.3287103532899485,-0.06516666169346022,-0.3287103532899486,Bajo,Bajo,False,True,True,False,True,False
98,0,128,nissan,four,sedan,fwd,front,100.4,181.7,66.5,55.1,3095,ohcv,six,181,mpfi,3.43,3.27,9.0,152,5200.0,17,22,13499.0,2025-07-20 05:15:51,20-07-2025 05:15:51,20-07-25 05:15:51,07-2025 05:15:51,20,Sunday,7,2025,05:15:51,0.6059701492537313,0.52991452991453,0.6059701492537313,0.5299145299145298,7.227,9.352,0.6100975724879057,0.29144860205058454,0.610097572487906,0.2914486020505846,Medio,Medio,False,True,True,False,True,False
99,0,108,nissan,four,wagon,fwd,front,100.4,184.6,66.5,56.1,3296,ohcv,six,181,mpfi,3.43,3.27,9.0,152,5200.0,17,22,14399.0,2025-06-07 05:34:32,07-06-2025 05:34:32,07-06-25 05:34:32,06-2025 05:34:32,7,Saturday,6,2025,05:34:32,0.6492537313432836,0.52991452991453,0.6492537313432836,0.5299145299145298,7.227,9.352,0.846033268768143,0.29144860205058454,0.8460332687681432,0.2914486020505846,Medio,Medio,False,True,True,False,True,False
100,0,108,nissan,four,sedan,fwd,front,100.4,184.6,66.5,55.1,3060,ohcv,six,181,mpfi,3.43,3.27,9.0,152,5200.0,19,25,13499.0,2025-12-05 18:49:36,05-12-2025 18:49:36,05-12-25 18:49:36,12-2025 18:49:36,5,Friday,12,2025,18:49:36,0.6492537313432836,0.52991452991453,0.6492537313432836,0.5299145299145298,8.077,10.628,0.846033268768143,0.29144860205058454,0.8460332687681432,0.2914486020505846,Medio,Medio,False,True,True,False,True,False
101,3,194,nissan,two,hatchback,rwd,front,91.3,170.7,67.9,49.7,3071,ohcv,six,181,mpfi,3.43,3.27,9.0,160,5200.0,19,25,17199.0,2025-12-05 19:58:47,05-12-2025 19:58:47,05-12-25 19:58:47,12-2025 19:58:47,5,Friday,12,2025,19:58:47,0.4417910447761193,0.6495726495726502,0.4417910447761191,0.6495726495726499,8.077,10.628,-0.28483093064402687,0.9593120924173165,-0.284830930644027,0.9593120924173167,Medio,Medio,False,True,True,False,True,False
102,3,194,nissan,two,hatchback,rwd,front,91.3,170.7,67.9,49.7,3139,ohcv,six,181,mpfi,3.43,3.27,7.8,200,5200.0,17,23,19699.0,2025-12-08 08:42:44,08-12-2025 08:42:44,08-12-25 08:42:44,12-2025 08:42:44,8,Monday,12,2025,08:42:44,0.4417910447761193,0.6495726495726502,0.4417910447761191,0.6495726495726499,7.227,9.777,-0.28483093064402687,0.9593120924173165,-0.284830930644027,0.9593120924173167,Alto,Medio,False,True,False,True,False,True
103,1,231,nissan,two,hatchback,rwd,front,99.2,178.5,67.9,49.7,3139,ohcv,six,181,mpfi,3.43,3.27,9.0,160,5200.0,19,25,18399.0,2025-04-23 07:56:57,23-04-2025 07:56:57,23-04-25 07:56:57,04-2025 07:56:57,23,Wednesday,4,2025,07:56:57,0.5582089552238807,0.6495726495726502,0.5582089552238805,0.6495726495726499,8.077,10.628,0.34975473521316264,0.9593120924173165,0.34975473521316275,0.9593120924173167,Medio,Medio,False,True,True,False,True,False
104,0,161,peugot,four,sedan,rwd,front,107.9,186.7,68.4,56.7,3020,l,four,120,mpfi,3.46,3.19,8.4,97,5000.0,19,24,11900.0,2025-03-17 07:52:00,17-03-2025 07:52:00,17-03-25 07:52:00,03-2025 07:52:00,17,Monday,3,2025,07:52:00,0.6805970149253731,0.6923076923076928,0.6805970149253731,0.6923076923076925,8.077,10.202,1.0168832557296934,1.1978347675482914,1.0168832557296936,1.1978347675482917,Bajo,Bajo,False,True,True,False,True,False
105,0,161,peugot,four,sedan,rwd,front,107.9,186.7,68.4,56.7,3197,l,four,152,idi,3.7,3.52,21.0,95,4150.0,28,33,13200.0,2025-04-20 11:34:06,20-04-2025 11:34:06,20-04-25 11:34:06,04-2025 11:34:06,20,Sunday,4,2025,11:34:06,0.6805970149253731,0.6923076923076928,0.6805970149253731,0.6923076923076925,11.903,14.028,1.0168832557296934,1.1978347675482914,1.0168832557296936,1.1978347675482917,Bajo,Bajo,True,False,False,True,False,True
106,0,122,peugot,four,wagon,rwd,front,114.2,198.9,68.4,58.7,3230,l,four,120,mpfi,3.46,3.19,8.4,97,5000.0,19,24,12440.0,2025-02-08 11:17:18,08-02-2025 11:17:18,08-02-25 11:17:18,02-2025 11:17:18,8,Saturday,2,2025,11:17:18,0.8626865671641792,0.6923076923076928,0.8626865671641792,0.6923076923076925,8.077,10.202,2.0094403228396565,1.1978347675482914,2.009440322839657,1.1978347675482917,Bajo,Bajo,False,True,True,False,True,False
107,0,122,peugot,four,wagon,rwd,front,114.2,198.9,68.4,58.7,3430,l,four,152,idi,3.7,3.52,21.0,95,4150.0,25,25,13860.0,2025-10-13 13:02:24,13-10-2025 13:02:24,13-10-25 13:02:24,10-2025 13:02:24,13,Monday,10,2025,13:02:24,0.8626865671641792,0.6923076923076928,0.8626865671641792,0.6923076923076925,10.628,10.628,2.0094403228396565,1.1978347675482914,2.009440322839657,1.1978347675482917,Bajo,Bajo,True,False,False,True,False,True
108,0,161,peugot,four,sedan,rwd,front,107.9,186.7,68.4,56.7,3075,l,four,120,mpfi,3.46,2.19,8.4,95,5000.0,19,24,15580.0,2025-12-19 19:37:56,19-12-2025 19:37:56,19-12-25 19:37:56,12-2025 19:37:56,19,Friday,12,2025,19:37:56,0.6805970149253731,0.6923076923076928,0.6805970149253731,0.6923076923076925,8.077,10.202,1.0168832557296934,1.1978347675482914,1.0168832557296936,1.1978347675482917,Bajo,Bajo,False,True,True,False,True,False
109,0,161,peugot,four,sedan,rwd,front,107.9,186.7,68.4,56.7,3252,l,four,152,idi,3.7,3.52,21.0,95,4150.0,28,33,16900.0,2025-10-22 03:03:49,22-10-2025 03:03:49,22-10-25 03:03:49,10-2025 03:03:49,22,Wednesday,10,2025,03:03:49,0.6805970149253731,0.6923076923076928,0.6805970149253731,0.6923076923076925,11.903,14.028,1.0168832557296934,1.1978347675482914,1.0168832557296936,1.1978347675482917,Bajo,Bajo,True,False,False,True,False,True
110,0,122,peugot,four,wagon,rwd,front,114.2,198.9,68.4,56.7,3285,l,four,120,mpfi,3.46,2.19,8.4,95,5000.0,19,24,16695.0,2025-06-19 02:14:33,19-06-2025 02:14:33,19-06-25 02:14:33,06-2025 02:14:33,19,Thursday,6,2025,02:14:33,0.8626865671641792,0.6923076923076928,0.8626865671641792,0.6923076923076925,8.077,10.202,2.0094403228396565,1.1978347675482914,2.009440322839657,1.1978347675482917,Bajo,Bajo,False,True,True,False,True,False
111,0,122,peugot,four,wagon,rwd,front,114.2,198.9,68.4,58.7,3485,l,four,152,idi,3.7,3.52,21.0,95,4150.0,25,25,17075.0,2025-10-07 08:58:11,07-10-2025 08:58:11,07-10-25 08:58:11,10-2025 08:58:11,7,Tuesday,10,2025,08:58:11,0.8626865671641792,0.6923076923076928,0.8626865671641792,0.6923076923076925,10.628,10.628,2.0094403228396565,1.1978347675482914,2.009440322839657,1.1978347675482917,Bajo,Bajo,True,False,False,True,False,True
112,0,161,peugot,four,sedan,rwd,front,107.9,186.7,68.4,56.7,3075,l,four,120,mpfi,3.46,3.19,8.4,97,5000.0,19,24,16630.0,2025-12-08 06:43:06,08-12-2025 06:43:06,08-12-25 06:43:06,12-2025 06:43:06,8,Monday,12,2025,06:43:06,0.6805970149253731,0.6923076923076928,0.6805970149253731,0.6923076923076925,8.077,10.202,1.0168832557296934,1.1978347675482914,1.0168832557296936,1.1978347675482917,Bajo,Bajo,False,True,True,False,True,False
113,0,161,peugot,four,sedan,rwd,front,107.9,186.7,68.4,56.7,3252,l,four,152,idi,3.7,3.52,21.0,95,4150.0,28,33,17950.0,2025-10-10 17:43:10,10-10-2025 17:43:10,10-10-25 17:43:10,10-2025 17:43:10,10,Friday,10,2025,17:43:10,0.6805970149253731,0.6923076923076928,0.6805970149253731,0.6923076923076925,11.903,14.028,1.0168832557296934,1.1978347675482914,1.0168832557296936,1.1978347675482917,Bajo,Bajo,True,False,False,True,False,True
114,0,161,peugot,four,sedan,rwd,front,108.0,186.7,68.3,56.0,3130,l,four,134,mpfi,3.61,3.21,7.0,142,5600.0,18,24,18150.0,2025-04-05 14:03:03,05-04-2025 14:03:03,05-04-25 14:03:03,04-2025 14:03:03,5,Saturday,4,2025,14:03:03,0.6805970149253731,0.6837606837606836,0.6805970149253731,0.6837606837606831,7.652,10.202,1.0168832557296934,1.1501302325220923,1.0168832557296936,1.1501302325220926,Medio,Medio,False,True,False,True,False,True
115,1,119,plymouth,two,hatchback,fwd,front,93.7,157.3,63.8,50.8,1918,ohc,four,90,2bbl,2.97,3.23,9.4,68,5500.0,37,41,5572.0,2025-08-11 17:10:13,11-08-2025 17:10:13,11-08-25 17:10:13,08-2025 17:10:13,11,Monday,8,2025,17:10:13,0.24179104477611965,0.2991452991452991,0.2417910447761198,0.29914529914529897,15.729,17.429,-1.3750165617320158,-0.9965738436566806,-1.375016561732016,-0.9965738436566808,Bajo,Bajo,False,True,True,False,True,False
116,1,119,plymouth,two,hatchback,fwd,front,93.7,157.3,63.8,50.8,2128,ohc,four,98,spdi,3.03,3.39,7.6,102,5500.0,24,30,7957.0,2025-02-24 05:11:12,24-02-2025 05:11:12,24-02-25 05:11:12,02-2025 05:11:12,24,Monday,2,2025,05:11:12,0.24179104477611965,0.2991452991452991,0.2417910447761198,0.29914529914529897,10.202,12.753,-1.3750165617320158,-0.9965738436566806,-1.375016561732016,-0.9965738436566808,Bajo,Medio,False,True,False,True,False,True
117,1,154,plymouth,four,hatchback,fwd,front,93.7,157.3,63.8,50.6,1967,ohc,four,90,2bbl,2.97,3.23,9.4,68,5500.0,31,38,6229.0,2025-12-26 13:58:16,26-12-2025 13:58:16,26-12-25 13:58:16,12-2025 13:58:16,26,Friday,12,2025,13:58:16,0.24179104477611965,0.2991452991452991,0.2417910447761198,0.29914529914529897,13.178,16.154,-1.3750165617320158,-0.9965738436566806,-1.375016561732016,-0.9965738436566808,Bajo,Bajo,False,True,True,False,True,False
118,1,154,plymouth,four,sedan,fwd,front,93.7,167.3,63.8,50.8,1989,ohc,four,90,2bbl,2.97,3.23,9.4,68,5500.0,31,38,6692.0,2025-08-29 23:00:54,29-08-2025 23:00:54,29-08-25 23:00:54,08-2025 23:00:54,29,Friday,8,2025,23:00:54,0.39104477611940325,0.2991452991452991,0.39104477611940336,0.29914529914529897,13.178,16.154,-0.5614451952484406,-0.9965738436566806,-0.5614451952484407,-0.9965738436566808,Bajo,Bajo,False,True,True,False,True,False
119,1,154,plymouth,four,sedan,fwd,front,93.7,167.3,63.8,50.8,2191,ohc,four,98,2bbl,2.97,3.23,9.4,68,5500.0,31,38,7609.0,2025-05-07 07:08:51,07-05-2025 07:08:51,07-05-25 07:08:51,05-2025 07:08:51,7,Wednesday,5,2025,07:08:51,0.39104477611940325,0.2991452991452991,0.39104477611940336,0.29914529914529897,13.178,16.154,-0.5614451952484406,-0.9965738436566806,-0.5614451952484407,-0.9965738436566808,Bajo,Bajo,False,True,True,False,True,False
120,-1,74,plymouth,four,wagon,fwd,front,103.3,174.6,64.6,59.8,2535,ohc,four,122,2bbl,3.35,3.46,8.5,88,5000.0,24,30,8921.0,2025-11-08 21:19:40,08-11-2025 21:19:40,08-11-25 21:19:40,11-2025 21:19:40,8,Saturday,11,2025,21:19:40,0.5,0.3675213675213672,0.5,0.3675213675213671,10.202,12.753,0.032461902284567884,-0.6149375634471222,0.03246190228456789,-0.6149375634471225,Bajo,Bajo,False,True,True,False,True,False
121,3,122,plymouth,two,hatchback,rwd,front,95.9,173.2,66.3,50.2,2818,ohc,four,156,spdi,3.59,3.86,7.0,145,5000.0,19,24,12764.0,2025-03-16 03:18:55,16-03-2025 03:18:55,16-03-25 03:18:55,03-2025 03:18:55,16,Sunday,3,2025,03:18:55,0.4791044776119402,0.5128205128205127,0.4791044776119402,0.5128205128205119,8.077,10.202,-0.0814380890231331,0.19603953199819327,-0.08143808902313313,0.1960395319981933,Medio,Medio,False,True,False,True,False,True
122,3,186,porsche,two,hatchback,rwd,front,94.5,168.9,68.3,50.2,2778,ohc,four,151,mpfi,3.94,3.11,9.5,143,5500.0,19,27,22018.0,2025-04-30 00:20:06,30-04-2025 00:20:06,30-04-25 00:20:06,04-2025 00:20:06,30,Wednesday,4,2025,00:20:06,0.41492537313432853,0.6837606837606836,0.41492537313432853,0.6837606837606831,8.077,11.478,-0.431273776611069,1.1501302325220923,-0.43127377661106914,1.1501302325220926,Medio,Medio,False,True,True,False,True,False
123,3,122,porsche,two,hardtop,rwd,rear,89.5,168.9,65.0,51.6,2756,ohcf,six,194,mpfi,3.74,2.9,9.5,207,5900.0,17,25,32528.0,2025-05-13 02:27:50,13-05-2025 02:27:50,13-05-25 02:27:50,05-2025 02:27:50,13,Tuesday,5,2025,02:27:50,0.41492537313432853,0.40170940170940184,0.41492537313432853,0.40170940170940117,7.227,10.628,-0.431273776611069,-0.42411942334233976,-0.43127377661106914,-0.4241194233423399,Alto,Alto,False,True,True,False,True,False
124,3,122,porsche,two,hardtop,rwd,rear,89.5,168.9,65.0,51.6,2756,ohcf,six,194,mpfi,3.74,2.9,9.5,207,5900.0,17,25,34028.0,2025-09-18 02:09:33,18-09-2025 02:09:33,18-09-25 02:09:33,09-2025 02:09:33,18,Thursday,9,2025,02:09:33,0.41492537313432853,0.40170940170940184,0.41492537313432853,0.40170940170940117,7.227,10.628,-0.431273776611069,-0.42411942334233976,-0.43127377661106914,-0.4241194233423399,Alto,Alto,False,True,True,False,True,False
125,3,122,porsche,two,convertible,rwd,rear,89.5,168.9,65.0,51.6,2800,ohcf,six,194,mpfi,3.74,2.9,9.5,207,5900.0,17,25,37028.0,2025-02-18 18:08:40,18-02-2025 18:08:40,18-02-25 18:08:40,02-2025 18:08:40,18,Tuesday,2,2025,18:08:40,0.41492537313432853,0.40170940170940184,0.41492537313432853,0.40170940170940117,7.227,10.628,-0.431273776611069,-0.42411942334233976,-0.43127377661106914,-0.4241194233423399,Alto,Alto,False,True,True,False,True,False
126,0,122,renault,four,wagon,fwd,front,96.1,181.5,66.5,55.2,2579,ohc,four,132,mpfi,3.46,3.9,8.7,104,5125.3695,23,31,9295.0,2025-08-10 22:55:48,10-08-2025 22:55:48,10-08-25 22:55:48,08-2025 22:55:48,10,Sunday,8,2025,22:55:48,0.6029850746268658,0.52991452991453,0.6029850746268659,0.5299145299145298,9.777,13.178,0.5938261451582352,0.29144860205058454,0.5938261451582354,0.2914486020505846,Bajo,Medio,False,True,True,False,True,False
127,2,122,renault,two,hatchback,fwd,front,96.1,176.8,66.6,50.5,2460,ohc,four,132,mpfi,3.46,3.9,8.7,104,5125.3695,23,31,9895.0,2025-12-26 08:07:16,26-12-2025 08:07:16,26-12-25 08:07:16,12-2025 08:07:16,26,Friday,12,2025,08:07:16,0.5328358208955226,0.5384615384615381,0.5328358208955226,0.5384615384615374,9.777,13.178,0.2114476029109558,0.33915313707677675,0.21144760291095585,0.33915313707677686,Bajo,Medio,False,True,True,False,True,False
128,3,150,saab,two,hatchback,fwd,front,99.1,186.6,66.5,56.1,2658,ohc,four,121,mpfi,3.54,3.07,9.31,110,5250.0,21,28,11850.0,2025-06-20 13:38:26,20-06-2025 13:38:26,20-06-25 13:38:26,06-2025 13:38:26,20,Friday,6,2025,13:38:26,0.6791044776119403,0.52991452991453,0.6791044776119404,0.5299145299145298,8.927,11.903,1.008747542064858,0.29144860205058454,1.0087475420648584,0.2914486020505846,Bajo,Medio,False,True,True,False,True,False
129,2,104,saab,four,sedan,fwd,front,99.1,186.6,66.5,56.1,2695,ohc,four,121,mpfi,3.54,3.07,9.3,110,5250.0,21,28,12170.0,2025-03-22 16:00:39,22-03-2025 16:00:39,22-03-25 16:00:39,03-2025 16:00:39,22,Saturday,3,2025,16:00:39,0.6791044776119403,0.52991452991453,0.6791044776119404,0.5299145299145298,8.927,11.903,1.008747542064858,0.29144860205058454,1.0087475420648584,0.2914486020505846,Bajo,Medio,False,True,True,False,True,False
130,3,150,saab,two,hatchback,fwd,front,99.1,186.6,66.5,56.1,2707,ohc,four,121,mpfi,2.54,2.07,9.3,110,5250.0,21,28,15040.0,2025-07-24 00:05:21,24-07-2025 00:05:21,24-07-25 00:05:21,07-2025 00:05:21,24,Thursday,7,2025,00:05:21,0.6791044776119403,0.52991452991453,0.6791044776119404,0.5299145299145298,8.927,11.903,1.008747542064858,0.29144860205058454,1.0087475420648584,0.2914486020505846,Bajo,Medio,False,True,True,False,True,False
131,2,104,saab,four,sedan,fwd,front,99.1,186.6,66.5,56.1,2758,ohc,four,121,mpfi,3.54,3.07,9.3,110,5250.0,21,28,15510.0,2025-01-10 18:42:10,10-01-2025 18:42:10,10-01-25 18:42:10,01-2025 18:42:10,10,Friday,1,2025,18:42:10,0.6791044776119403,0.52991452991453,0.6791044776119404,0.5299145299145298,8.927,11.903,1.008747542064858,0.29144860205058454,1.0087475420648584,0.2914486020505846,Bajo,Medio,False,True,True,False,True,False
132,3,150,saab,two,hatchback,fwd,front,99.1,186.6,66.5,56.1,2808,dohc,four,121,mpfi,3.54,3.07,9.0,160,5500.0,19,26,18150.0,2025-08-29 17:15:13,29-08-2025 17:15:13,29-08-25 17:15:13,08-2025 17:15:13,29,Friday,8,2025,17:15:13,0.6791044776119403,0.52991452991453,0.6791044776119404,0.5299145299145298,8.077,11.053,1.008747542064858,0.29144860205058454,1.0087475420648584,0.2914486020505846,Medio,Medio,False,True,False,True,False,True
133,2,104,saab,four,sedan,fwd,front,99.1,186.6,66.5,56.1,2847,dohc,four,121,mpfi,3.54,3.07,9.0,160,5500.0,19,26,18620.0,2025-03-18 05:48:53,18-03-2025 05:48:53,18-03-25 05:48:53,03-2025 05:48:53,18,Tuesday,3,2025,05:48:53,0.6791044776119403,0.52991452991453,0.6791044776119404,0.5299145299145298,8.077,11.053,1.008747542064858,0.29144860205058454,1.0087475420648584,0.2914486020505846,Medio,Medio,False,True,False,True,False,True
134,2,83,subaru,two,hatchback,fwd,front,93.7,156.9,63.4,53.7,2050,ohcf,four,97,2bbl,3.62,2.36,9.0,69,4900.0,31,36,5118.0,2025-02-26 13:10:18,26-02-2025 13:10:18,26-02-25 13:10:18,02-2025 13:10:18,26,Wednesday,2,2025,13:10:18,0.23582089552238822,0.264957264957265,0.23582089552238816,0.2649572649572649,13.178,15.304,-1.4075594163913592,-1.1873919837614597,-1.4075594163913596,-1.18739198376146,Bajo,Bajo,False,True,True,False,True,False
135,2,83,subaru,two,hatchback,fwd,front,93.7,157.9,63.6,53.7,2120,ohcf,four,108,2bbl,3.62,2.64,8.7,73,4400.0,26,31,7053.0,2025-06-07 00:04:37,07-06-2025 00:04:37,07-06-25 00:04:37,06-2025 00:04:37,7,Saturday,6,2025,00:04:37,0.25074626865671656,0.2820512820512823,0.25074626865671634,0.28205128205128194,11.053,13.178,-1.3262022797430018,-1.0919829137090684,-1.326202279743002,-1.0919829137090686,Bajo,Bajo,False,True,True,False,True,False
136,2,83,subaru,two,hatchback,4wd,front,93.3,157.3,63.8,55.7,2240,ohcf,four,108,2bbl,3.62,2.64,8.7,73,4400.0,26,31,7603.0,2025-11-04 23:52:25,04-11-2025 23:52:25,04-11-25 23:52:25,11-2025 23:52:25,4,Tuesday,11,2025,23:52:25,0.24179104477611965,0.2991452991452991,0.2417910447761198,0.29914529914529897,11.053,13.178,-1.3750165617320158,-0.9965738436566806,-1.375016561732016,-0.9965738436566808,Bajo,Bajo,False,True,True,False,True,False
137,0,102,subaru,four,sedan,fwd,front,97.2,172.0,65.4,52.5,2145,ohcf,four,108,2bbl,3.62,2.64,9.5,82,4800.0,32,37,7126.0,2025-11-02 15:41:11,02-11-2025 15:41:11,02-11-25 15:41:11,11-2025 15:41:11,2,Sunday,11,2025,15:41:11,0.46119402985074637,0.4358974358974365,0.4611940298507462,0.4358974358974361,13.603,15.729,-0.17906665300116117,-0.23330128323755725,-0.17906665300116123,-0.2333012832375573,Bajo,Bajo,False,True,True,False,True,False
138,0,102,subaru,four,sedan,fwd,front,97.2,172.0,65.4,52.5,2190,ohcf,four,108,2bbl,3.62,2.64,9.5,82,4400.0,28,33,7775.0,2025-05-15 02:53:00,15-05-2025 02:53:00,15-05-25 02:53:00,05-2025 02:53:00,15,Thursday,5,2025,02:53:00,0.46119402985074637,0.4358974358974365,0.4611940298507462,0.4358974358974361,11.903,14.028,-0.17906665300116117,-0.23330128323755725,-0.17906665300116123,-0.2333012832375573,Bajo,Bajo,False,True,True,False,True,False
139,0,102,subaru,four,sedan,fwd,front,97.2,172.0,65.4,52.5,2340,ohcf,four,108,mpfi,3.62,2.64,9.0,94,5200.0,26,32,9960.0,2025-06-14 10:42:15,14-06-2025 10:42:15,14-06-25 10:42:15,06-2025 10:42:15,14,Saturday,6,2025,10:42:15,0.46119402985074637,0.4358974358974365,0.4611940298507462,0.4358974358974361,11.053,13.603,-0.17906665300116117,-0.23330128323755725,-0.17906665300116123,-0.2333012832375573,Bajo,Bajo,False,True,True,False,True,False
140,0,102,subaru,four,sedan,4wd,front,97.0,172.0,65.4,54.3,2385,ohcf,four,108,2bbl,3.62,2.64,9.0,82,4800.0,24,25,9233.0,2025-04-15 16:05:56,15-04-2025 16:05:56,15-04-25 16:05:56,04-2025 16:05:56,15,Tuesday,4,2025,16:05:56,0.46119402985074637,0.4358974358974365,0.4611940298507462,0.4358974358974361,10.202,10.628,-0.17906665300116117,-0.23330128323755725,-0.17906665300116123,-0.2333012832375573,Bajo,Bajo,False,True,True,False,True,False
141,0,102,subaru,four,sedan,4wd,front,97.0,172.0,65.4,54.3,2510,ohcf,four,108,mpfi,3.62,2.64,7.7,111,4800.0,24,29,11259.0,2025-04-17 12:51:40,17-04-2025 12:51:40,17-04-25 12:51:40,04-2025 12:51:40,17,Thursday,4,2025,12:51:40,0.46119402985074637,0.4358974358974365,0.4611940298507462,0.4358974358974361,10.202,12.328,-0.17906665300116117,-0.23330128323755725,-0.17906665300116123,-0.2333012832375573,Bajo,Medio,False,True,False,True,False,True
142,0,89,subaru,four,wagon,fwd,front,97.0,173.5,65.4,53.0,2290,ohcf,four,108,2bbl,3.62,2.64,9.0,82,4800.0,28,32,7463.0,2025-07-14 03:48:48,14-07-2025 03:48:48,14-07-25 03:48:48,07-2025 03:48:48,14,Monday,7,2025,03:48:48,0.4835820895522389,0.4358974358974365,0.4835820895522387,0.4358974358974361,11.903,13.603,-0.05703094802862492,-0.23330128323755725,-0.057030948028624934,-0.2333012832375573,Bajo,Bajo,False,True,True,False,True,False
143,0,89,subaru,four,wagon,fwd,front,97.0,173.5,65.4,53.0,2455,ohcf,four,108,mpfi,3.62,2.64,9.0,94,5200.0,25,31,10198.0,2025-11-24 09:40:19,24-11-2025 09:40:19,24-11-25 09:40:19,11-2025 09:40:19,24,Monday,11,2025,09:40:19,0.4835820895522389,0.4358974358974365,0.4835820895522387,0.4358974358974361,10.628,13.178,-0.05703094802862492,-0.23330128323755725,-0.057030948028624934,-0.2333012832375573,Bajo,Bajo,False,True,True,False,True,False
144,0,85,subaru,four,wagon,4wd,front,96.9,173.6,65.4,54.9,2420,ohcf,four,108,2bbl,3.62,2.64,9.0,82,4800.0,23,29,8013.0,2025-11-17 03:24:53,17-11-2025 03:24:53,17-11-25 03:24:53,11-2025 03:24:53,17,Monday,11,2025,03:24:53,0.48507462686567165,0.4358974358974365,0.4850746268656714,0.4358974358974361,9.777,12.328,-0.04889523436378963,-0.23330128323755725,-0.04889523436378965,-0.2333012832375573,Bajo,Bajo,False,True,True,False,True,False
145,0,85,subaru,four,wagon,4wd,front,96.9,173.6,65.4,54.9,2650,ohcf,four,108,mpfi,3.62,2.64,7.7,111,4800.0,23,23,11694.0,2025-04-28 06:14:54,28-04-2025 06:14:54,28-04-25 06:14:54,04-2025 06:14:54,28,Monday,4,2025,06:14:54,0.48507462686567165,0.4358974358974365,0.4850746268656714,0.4358974358974361,9.777,9.777,-0.04889523436378963,-0.23330128323755725,-0.04889523436378965,-0.2333012832375573,Bajo,Medio,False,True,False,True,False,True
146,1,87,toyota,two,hatchback,fwd,front,95.7,158.7,63.6,54.5,1985,ohc,four,92,2bbl,3.05,3.03,9.0,62,4800.0,35,39,5348.0,2025-03-10 19:40:30,10-03-2025 19:40:30,10-03-25 19:40:30,03-2025 19:40:30,10,Monday,3,2025,19:40:30,0.26268656716417904,0.2820512820512823,0.26268656716417915,0.28205128205128194,14.878,16.579,-1.261116570424317,-1.0919829137090684,-1.2611165704243175,-1.0919829137090686,Bajo,Bajo,False,True,True,False,True,False
147,1,87,toyota,two,hatchback,fwd,front,95.7,158.7,63.6,54.5,2040,ohc,four,92,2bbl,3.05,3.03,9.0,62,4800.0,31,38,6338.0,2025-06-10 20:14:26,10-06-2025 20:14:26,10-06-25 20:14:26,06-2025 20:14:26,10,Tuesday,6,2025,20:14:26,0.26268656716417904,0.2820512820512823,0.26268656716417915,0.28205128205128194,13.178,16.154,-1.261116570424317,-1.0919829137090684,-1.2611165704243175,-1.0919829137090686,Bajo,Bajo,False,True,True,False,True,False
148,1,74,toyota,four,hatchback,fwd,front,95.7,158.7,63.6,54.5,2015,ohc,four,92,2bbl,3.05,3.03,9.0,62,4800.0,31,38,6488.0,2025-01-01 07:46:58,01-01-2025 07:46:58,01-01-25 07:46:58,01-2025 07:46:58,1,Wednesday,1,2025,07:46:58,0.26268656716417904,0.2820512820512823,0.26268656716417915,0.28205128205128194,13.178,16.154,-1.261116570424317,-1.0919829137090684,-1.2611165704243175,-1.0919829137090686,Bajo,Bajo,False,True,True,False,True,False
149,0,77,toyota,four,wagon,fwd,front,95.7,169.7,63.6,59.1,2280,ohc,four,92,2bbl,3.05,3.03,9.0,62,4800.0,31,37,6918.0,2025-06-06 11:42:26,06-06-2025 11:42:26,06-06-25 11:42:26,06-2025 11:42:26,6,Friday,6,2025,11:42:26,0.42686567164179096,0.2820512820512823,0.4268656716417909,0.28205128205128194,13.178,15.729,-0.3661880672923844,-1.0919829137090684,-0.3661880672923845,-1.0919829137090686,Bajo,Bajo,False,True,True,False,True,False
150,0,81,toyota,four,wagon,4wd,front,95.7,169.7,63.6,59.1,2290,ohc,four,92,2bbl,3.05,3.03,9.0,62,4800.0,27,32,7898.0,2025-03-30 07:42:37,30-03-2025 07:42:37,30-03-25 07:42:37,03-2025 07:42:37,30,Sunday,3,2025,07:42:37,0.42686567164179096,0.2820512820512823,0.4268656716417909,0.28205128205128194,11.478,13.603,-0.3661880672923844,-1.0919829137090684,-0.3661880672923845,-1.0919829137090686,Bajo,Bajo,False,True,True,False,True,False
151,0,91,toyota,four,wagon,4wd,front,95.7,169.7,63.6,59.1,3110,ohc,four,92,2bbl,3.05,3.03,9.0,62,4800.0,27,32,8778.0,2025-12-14 16:37:10,14-12-2025 16:37:10,14-12-25 16:37:10,12-2025 16:37:10,14,Sunday,12,2025,16:37:10,0.42686567164179096,0.2820512820512823,0.4268656716417909,0.28205128205128194,11.478,13.603,-0.3661880672923844,-1.0919829137090684,-0.3661880672923845,-1.0919829137090686,Bajo,Bajo,False,True,True,False,True,False
152,0,91,toyota,four,sedan,fwd,front,95.7,166.3,64.4,53.0,2081,ohc,four,98,2bbl,3.19,3.03,9.0,70,4800.0,30,37,6938.0,2025-02-08 16:17:19,08-02-2025 16:17:19,08-02-25 16:17:19,02-2025 16:17:19,8,Saturday,2,2025,16:17:19,0.3761194029850749,0.35042735042735107,0.37611940298507474,0.35042735042735096,12.753,15.729,-0.6428023318967981,-0.7103466334995068,-0.6428023318967983,-0.7103466334995069,Bajo,Bajo,False,True,True,False,True,False
153,0,91,toyota,four,hatchback,fwd,front,95.7,166.3,64.4,52.8,2109,ohc,four,98,2bbl,3.19,3.03,9.0,70,4800.0,30,37,7198.0,2025-03-23 01:39:22,23-03-2025 01:39:22,23-03-25 01:39:22,03-2025 01:39:22,23,Sunday,3,2025,01:39:22,0.3761194029850749,0.35042735042735107,0.37611940298507474,0.35042735042735096,12.753,15.729,-0.6428023318967981,-0.7103466334995068,-0.6428023318967983,-0.7103466334995069,Bajo,Bajo,False,True,True,False,True,False
154,0,91,toyota,four,sedan,fwd,front,95.7,166.3,64.4,53.0,2275,ohc,four,110,idi,3.27,3.35,22.5,56,4500.0,34,36,7898.0,2025-01-20 17:59:25,20-01-2025 17:59:25,20-01-25 17:59:25,01-2025 17:59:25,20,Monday,1,2025,17:59:25,0.3761194029850749,0.35042735042735107,0.37611940298507474,0.35042735042735096,14.453,15.304,-0.6428023318967981,-0.7103466334995068,-0.6428023318967983,-0.7103466334995069,Bajo,Bajo,True,False,True,False,True,False
155,0,91,toyota,four,hatchback,fwd,front,95.7,166.3,64.4,52.8,2275,ohc,four,110,idi,3.27,3.35,22.5,56,4500.0,38,47,7788.0,2025-02-09 02:03:41,09-02-2025 02:03:41,09-02-25 02:03:41,02-2025 02:03:41,9,Sunday,2,2025,02:03:41,0.3761194029850749,0.35042735042735107,0.37611940298507474,0.35042735042735096,16.154,19.98,-0.6428023318967981,-0.7103466334995068,-0.6428023318967983,-0.7103466334995069,Bajo,Bajo,True,False,True,False,True,False
156,0,91,toyota,four,sedan,fwd,front,95.7,166.3,64.4,53.0,2094,ohc,four,98,2bbl,3.19,3.03,9.0,70,4800.0,38,47,7738.0,2025-06-09 10:42:08,09-06-2025 10:42:08,09-06-25 10:42:08,06-2025 10:42:08,9,Monday,6,2025,10:42:08,0.3761194029850749,0.35042735042735107,0.37611940298507474,0.35042735042735096,16.154,19.98,-0.6428023318967981,-0.7103466334995068,-0.6428023318967983,-0.7103466334995069,Bajo,Bajo,False,True,True,False,True,False
157,0,91,toyota,four,hatchback,fwd,front,95.7,166.3,64.4,52.8,2122,ohc,four,98,2bbl,3.19,3.03,9.0,70,4800.0,28,34,8358.0,2025-09-07 06:32:56,07-09-2025 06:32:56,07-09-25 06:32:56,09-2025 06:32:56,7,Sunday,9,2025,06:32:56,0.3761194029850749,0.35042735042735107,0.37611940298507474,0.35042735042735096,11.903,14.453,-0.6428023318967981,-0.7103466334995068,-0.6428023318967983,-0.7103466334995069,Bajo,Bajo,False,True,True,False,True,False
158,0,91,toyota,four,sedan,fwd,front,95.7,166.3,64.4,52.8,2140,ohc,four,98,2bbl,3.19,3.03,9.0,70,4800.0,28,34,9258.0,2025-05-02 00:47:06,02-05-2025 00:47:06,02-05-25 00:47:06,05-2025 00:47:06,2,Friday,5,2025,00:47:06,0.3761194029850749,0.35042735042735107,0.37611940298507474,0.35042735042735096,11.903,14.453,-0.6428023318967981,-0.7103466334995068,-0.6428023318967983,-0.7103466334995069,Bajo,Bajo,False,True,True,False,True,False
159,1,168,toyota,two,sedan,rwd,front,94.5,168.7,64.0,52.6,2169,ohc,four,98,2bbl,3.19,3.03,9.0,70,4800.0,29,34,8058.0,2025-12-29 05:59:58,29-12-2025 05:59:58,29-12-25 05:59:58,12-2025 05:59:58,29,Monday,12,2025,05:59:58,0.4119402985074626,0.3162393162393164,0.4119402985074627,0.316239316239316,12.328,14.453,-0.44754520394074193,-0.9011647736042893,-0.44754520394074204,-0.9011647736042895,Bajo,Bajo,False,True,True,False,True,False
160,1,168,toyota,two,hatchback,rwd,front,94.5,168.7,64.0,52.6,2204,ohc,four,98,2bbl,3.19,3.03,9.0,70,4800.0,29,34,8238.0,2025-07-25 00:16:32,25-07-2025 00:16:32,25-07-25 00:16:32,07-2025 00:16:32,25,Friday,7,2025,00:16:32,0.4119402985074626,0.3162393162393164,0.4119402985074627,0.316239316239316,12.328,14.453,-0.44754520394074193,-0.9011647736042893,-0.44754520394074204,-0.9011647736042895,Bajo,Bajo,False,True,True,False,True,False
161,1,168,toyota,two,sedan,rwd,front,94.5,168.7,64.0,52.6,2265,dohc,four,98,mpfi,3.24,3.08,9.4,112,6600.0,26,29,9298.0,2025-11-05 14:22:01,05-11-2025 14:22:01,05-11-25 14:22:01,11-2025 14:22:01,5,Wednesday,11,2025,14:22:01,0.4119402985074626,0.3162393162393164,0.4119402985074627,0.316239316239316,11.053,12.328,-0.44754520394074193,-0.9011647736042893,-0.44754520394074204,-0.9011647736042895,Bajo,Medio,False,True,True,False,True,False
162,1,168,toyota,two,hatchback,rwd,front,94.5,168.7,64.0,52.6,2300,dohc,four,98,mpfi,3.24,3.08,9.4,112,6600.0,26,29,9538.0,2025-11-08 20:18:14,08-11-2025 20:18:14,08-11-25 20:18:14,11-2025 20:18:14,8,Saturday,11,2025,20:18:14,0.4119402985074626,0.3162393162393164,0.4119402985074627,0.316239316239316,11.053,12.328,-0.44754520394074193,-0.9011647736042893,-0.44754520394074204,-0.9011647736042895,Bajo,Medio,False,True,True,False,True,False
163,2,134,toyota,two,hardtop,rwd,front,98.4,176.2,65.6,52.0,2540,ohc,four,146,mpfi,3.62,3.5,9.3,116,4800.0,24,30,8449.0,2025-10-11 09:32:34,11-10-2025 09:32:34,11-10-25 09:32:34,10-2025 09:32:34,11,Saturday,10,2025,09:32:34,0.5238805970149253,0.45299145299145266,0.5238805970149252,0.45299145299145227,10.202,12.753,0.16263332092193944,-0.13789221318517275,0.1626333209219395,-0.1378922131851728,Bajo,Medio,False,True,True,False,True,False
164,2,134,toyota,two,hardtop,rwd,front,98.4,176.2,65.6,52.0,2536,ohc,four,146,mpfi,3.62,3.5,9.3,116,4800.0,24,30,9639.0,2025-11-19 07:35:32,19-11-2025 07:35:32,19-11-25 07:35:32,11-2025 07:35:32,19,Wednesday,11,2025,07:35:32,0.5238805970149253,0.45299145299145266,0.5238805970149252,0.45299145299145227,10.202,12.753,0.16263332092193944,-0.13789221318517275,0.1626333209219395,-0.1378922131851728,Bajo,Medio,False,True,True,False,True,False
165,2,134,toyota,two,hatchback,rwd,front,98.4,176.2,65.6,52.0,2551,ohc,four,146,mpfi,3.62,3.5,9.3,116,4800.0,24,30,9989.0,2025-02-20 06:09:53,20-02-2025 06:09:53,20-02-25 06:09:53,02-2025 06:09:53,20,Thursday,2,2025,06:09:53,0.5238805970149253,0.45299145299145266,0.5238805970149252,0.45299145299145227,10.202,12.753,0.16263332092193944,-0.13789221318517275,0.1626333209219395,-0.1378922131851728,Bajo,Medio,False,True,True,False,True,False
166,2,134,toyota,two,hardtop,rwd,front,98.4,176.2,65.6,52.0,2679,ohc,four,146,mpfi,3.62,3.5,9.3,116,4800.0,24,30,11199.0,2025-02-21 02:45:38,21-02-2025 02:45:38,21-02-25 02:45:38,02-2025 02:45:38,21,Friday,2,2025,02:45:38,0.5238805970149253,0.45299145299145266,0.5238805970149252,0.45299145299145227,10.202,12.753,0.16263332092193944,-0.13789221318517275,0.1626333209219395,-0.1378922131851728,Bajo,Medio,False,True,True,False,True,False
167,2,134,toyota,two,hatchback,rwd,front,98.4,176.2,65.6,52.0,2714,ohc,four,146,mpfi,3.62,3.5,9.3,116,4800.0,24,30,11549.0,2025-09-26 20:34:03,26-09-2025 20:34:03,26-09-25 20:34:03,09-2025 20:34:03,26,Friday,9,2025,20:34:03,0.5238805970149253,0.45299145299145266,0.5238805970149252,0.45299145299145227,10.202,12.753,0.16263332092193944,-0.13789221318517275,0.1626333209219395,-0.1378922131851728,Bajo,Medio,False,True,True,False,True,False
168,2,134,toyota,two,convertible,rwd,front,98.4,176.2,65.6,53.0,2975,ohc,four,146,mpfi,3.62,3.5,9.3,116,4800.0,24,30,17669.0,2025-01-09 20:53:22,09-01-2025 20:53:22,09-01-25 20:53:22,01-2025 20:53:22,9,Thursday,1,2025,20:53:22,0.5238805970149253,0.45299145299145266,0.5238805970149252,0.45299145299145227,10.202,12.753,0.16263332092193944,-0.13789221318517275,0.1626333209219395,-0.1378922131851728,Bajo,Medio,False,True,True,False,True,False
169,-1,65,toyota,four,sedan,fwd,front,102.4,175.6,66.5,54.9,2326,ohc,four,122,mpfi,3.31,3.54,8.7,92,4200.0,29,34,8948.0,2025-12-06 04:25:00,06-12-2025 04:25:00,06-12-25 04:25:00,12-2025 04:25:00,6,Saturday,12,2025,04:25:00,0.5149253731343284,0.52991452991453,0.5149253731343282,0.5299145299145298,12.328,14.453,0.1138190389329254,0.29144860205058454,0.11381903893292543,0.2914486020505846,Bajo,Bajo,False,True,True,False,True,False
170,-1,65,toyota,four,sedan,fwd,front,102.4,175.6,66.5,54.9,2480,ohc,four,110,idi,3.27,3.35,22.5,73,4500.0,30,33,10698.0,2025-01-25 01:48:44,25-01-2025 01:48:44,25-01-25 01:48:44,01-2025 01:48:44,25,Saturday,1,2025,01:48:44,0.5149253731343284,0.52991452991453,0.5149253731343282,0.5299145299145298,12.753,14.028,0.1138190389329254,0.29144860205058454,0.11381903893292543,0.2914486020505846,Bajo,Bajo,True,False,False,True,False,True
171,-1,65,toyota,four,hatchback,fwd,front,102.4,175.6,66.5,53.9,2414,ohc,four,122,mpfi,3.31,3.54,8.7,92,4200.0,27,32,9988.0,2025-08-15 10:40:29,15-08-2025 10:40:29,15-08-25 10:40:29,08-2025 10:40:29,15,Friday,8,2025,10:40:29,0.5149253731343284,0.52991452991453,0.5149253731343282,0.5299145299145298,11.478,13.603,0.1138190389329254,0.29144860205058454,0.11381903893292543,0.2914486020505846,Bajo,Bajo,False,True,True,False,True,False
172,-1,65,toyota,four,sedan,fwd,front,102.4,175.6,66.5,54.9,2414,ohc,four,122,mpfi,3.31,3.54,8.7,92,4200.0,27,32,10898.0,2025-03-22 14:31:40,22-03-2025 14:31:40,22-03-25 14:31:40,03-2025 14:31:40,22,Saturday,3,2025,14:31:40,0.5149253731343284,0.52991452991453,0.5149253731343282,0.5299145299145298,11.478,13.603,0.1138190389329254,0.29144860205058454,0.11381903893292543,0.2914486020505846,Bajo,Bajo,False,True,True,False,True,False
173,-1,65,toyota,four,hatchback,fwd,front,102.4,175.6,66.5,53.9,2458,ohc,four,122,mpfi,3.31,3.54,8.7,92,4200.0,27,32,11248.0,2025-08-21 23:42:31,21-08-2025 23:42:31,21-08-25 23:42:31,08-2025 23:42:31,21,Thursday,8,2025,23:42:31,0.5149253731343284,0.52991452991453,0.5149253731343282,0.5299145299145298,11.478,13.603,0.1138190389329254,0.29144860205058454,0.11381903893292543,0.2914486020505846,Bajo,Bajo,False,True,True,False,True,False
174,3,197,toyota,two,hatchback,rwd,front,102.9,183.5,67.7,52.0,2976,dohc,six,171,mpfi,3.27,3.35,9.3,161,5200.0,20,24,16558.0,2025-12-22 17:44:18,22-12-2025 17:44:18,22-12-25 17:44:18,12-2025 17:44:18,22,Monday,12,2025,17:44:18,0.6328358208955225,0.6324786324786328,0.6328358208955223,0.632478632478632,8.502,10.202,0.7565404184549502,0.8639030223649253,0.7565404184549505,0.8639030223649254,Medio,Medio,False,True,True,False,True,False
175,3,197,toyota,two,hatchback,rwd,front,102.9,183.5,67.7,52.0,3016,dohc,six,171,mpfi,3.27,3.35,9.3,161,5200.0,19,24,15998.0,2025-05-01 04:28:23,01-05-2025 04:28:23,01-05-25 04:28:23,05-2025 04:28:23,1,Thursday,5,2025,04:28:23,0.6328358208955225,0.6324786324786328,0.6328358208955223,0.632478632478632,8.077,10.202,0.7565404184549502,0.8639030223649253,0.7565404184549505,0.8639030223649254,Medio,Medio,False,True,True,False,True,False
176,-1,90,toyota,four,sedan,rwd,front,104.5,187.8,66.5,54.1,3131,dohc,six,171,mpfi,3.27,3.35,9.2,156,5200.0,20,24,15690.0,2025-11-13 15:11:43,13-11-2025 15:11:43,13-11-25 15:11:43,11-2025 15:11:43,13,Thursday,11,2025,15:11:43,0.6970149253731346,0.52991452991453,0.6970149253731344,0.5299145299145298,8.502,10.202,1.1063761060428885,0.29144860205058454,1.1063761060428887,0.2914486020505846,Medio,Medio,False,True,True,False,True,False
177,-1,122,toyota,four,wagon,rwd,front,104.5,187.8,66.5,54.1,3151,dohc,six,161,mpfi,3.27,3.35,9.2,156,5200.0,19,24,15750.0,2025-09-13 07:04:49,13-09-2025 07:04:49,13-09-25 07:04:49,09-2025 07:04:49,13,Saturday,9,2025,07:04:49,0.6970149253731346,0.52991452991453,0.6970149253731344,0.5299145299145298,8.077,10.202,1.1063761060428885,0.29144860205058454,1.1063761060428887,0.2914486020505846,Medio,Medio,False,True,True,False,True,False
178,2,122,volkswagen,two,sedan,fwd,front,97.3,171.7,65.5,55.7,2261,ohc,four,97,idi,3.01,3.4,23.0,52,4800.0,37,46,7775.0,2025-04-27 23:11:29,27-04-2025 23:11:29,27-04-25 23:11:29,04-2025 23:11:29,27,Sunday,4,2025,23:11:29,0.4567164179104477,0.4444444444444446,0.4567164179104477,0.44444444444444375,15.729,19.555,-0.20347379399566937,-0.18559674821136501,-0.20347379399566942,-0.18559674821136504,Bajo,Bajo,True,False,True,False,True,False
179,2,122,volkswagen,two,sedan,fwd,front,97.3,171.7,65.5,55.7,2209,ohc,four,109,mpfi,3.19,3.4,9.0,85,5250.0,27,34,7975.0,2025-04-08 02:01:59,08-04-2025 02:01:59,08-04-25 02:01:59,04-2025 02:01:59,8,Tuesday,4,2025,02:01:59,0.4567164179104477,0.4444444444444446,0.4567164179104477,0.44444444444444375,11.478,14.453,-0.20347379399566937,-0.18559674821136501,-0.20347379399566942,-0.18559674821136504,Bajo,Bajo,False,True,True,False,True,False
180,2,94,volkswagen,four,sedan,fwd,front,97.3,171.7,65.5,55.7,2264,ohc,four,97,idi,3.01,3.4,23.0,52,4800.0,37,46,7995.0,2025-10-14 18:43:19,14-10-2025 18:43:19,14-10-25 18:43:19,10-2025 18:43:19,14,Tuesday,10,2025,18:43:19,0.4567164179104477,0.4444444444444446,0.4567164179104477,0.44444444444444375,15.729,19.555,-0.20347379399566937,-0.18559674821136501,-0.20347379399566942,-0.18559674821136504,Bajo,Bajo,True,False,True,False,True,False
181,2,94,volkswagen,four,sedan,fwd,front,97.3,171.7,65.5,55.7,2212,ohc,four,109,mpfi,3.19,3.4,9.0,85,5250.0,27,34,8195.0,2025-09-01 19:06:07,01-09-2025 19:06:07,01-09-25 19:06:07,09-2025 19:06:07,1,Monday,9,2025,19:06:07,0.4567164179104477,0.4444444444444446,0.4567164179104477,0.44444444444444375,11.478,14.453,-0.20347379399566937,-0.18559674821136501,-0.20347379399566942,-0.18559674821136504,Bajo,Bajo,False,True,True,False,True,False
182,2,94,volkswagen,four,sedan,fwd,front,97.3,171.7,65.5,55.7,2275,ohc,four,109,mpfi,3.19,3.4,9.0,85,5250.0,27,34,8495.0,2025-12-19 20:44:11,19-12-2025 20:44:11,19-12-25 20:44:11,12-2025 20:44:11,19,Friday,12,2025,20:44:11,0.4567164179104477,0.4444444444444446,0.4567164179104477,0.44444444444444375,11.478,14.453,-0.20347379399566937,-0.18559674821136501,-0.20347379399566942,-0.18559674821136504,Bajo,Bajo,False,True,True,False,True,False
183,2,94,volkswagen,four,sedan,fwd,front,97.3,171.7,65.5,55.7,2319,ohc,four,97,idi,3.01,3.4,23.0,68,4500.0,37,42,9495.0,2025-04-15 23:22:09,15-04-2025 23:22:09,15-04-25 23:22:09,04-2025 23:22:09,15,Tuesday,4,2025,23:22:09,0.4567164179104477,0.4444444444444446,0.4567164179104477,0.44444444444444375,15.729,17.854,-0.20347379399566937,-0.18559674821136501,-0.20347379399566942,-0.18559674821136504,Bajo,Bajo,True,False,False,True,False,True
184,2,94,volkswagen,four,sedan,fwd,front,97.3,171.7,65.5,55.7,2300,ohc,four,109,mpfi,3.19,3.4,10.0,100,5500.0,26,32,9995.0,2025-09-22 08:11:24,22-09-2025 08:11:24,22-09-25 08:11:24,09-2025 08:11:24,22,Monday,9,2025,08:11:24,0.4567164179104477,0.4444444444444446,0.4567164179104477,0.44444444444444375,11.053,13.603,-0.20347379399566937,-0.18559674821136501,-0.20347379399566942,-0.18559674821136504,Bajo,Bajo,False,True,True,False,True,False
185,3,122,volkswagen,two,convertible,fwd,front,94.5,159.3,64.2,55.6,2254,ohc,four,109,mpfi,3.19,3.4,8.5,90,5500.0,24,29,11595.0,2025-12-29 22:09:39,29-12-2025 22:09:39,29-12-25 22:09:39,12-2025 22:09:39,29,Monday,12,2025,22:09:39,0.27164179104477637,0.33333333333333376,0.27164179104477615,0.33333333333333304,10.202,12.328,-1.2123022884353007,-0.8057557035518981,-1.212302288435301,-0.8057557035518982,Bajo,Bajo,False,True,True,False,True,False
186,3,256,volkswagen,two,hatchback,fwd,front,94.5,165.7,64.0,51.4,2221,ohc,four,109,mpfi,3.19,3.4,8.5,90,5500.0,24,29,9980.0,2025-02-18 14:49:55,18-02-2025 14:49:55,18-02-25 14:49:55,02-2025 14:49:55,18,Tuesday,2,2025,14:49:55,0.3671641791044775,0.3162393162393164,0.3671641791044773,0.316239316239316,10.202,12.328,-0.6916166138858144,-0.9011647736042893,-0.6916166138858146,-0.9011647736042895,Bajo,Bajo,False,True,True,False,True,False
187,0,122,volkswagen,four,sedan,fwd,front,100.4,180.2,66.9,55.1,2661,ohc,five,136,mpfi,3.19,3.4,8.5,110,5500.0,19,24,13295.0,2025-06-05 15:39:27,05-06-2025 15:39:27,05-06-25 15:39:27,06-2025 15:39:27,5,Thursday,6,2025,15:39:27,0.5835820895522387,0.5641025641025647,0.5835820895522388,0.5641025641025639,8.077,10.202,0.4880618675153695,0.482266742155367,0.4880618675153696,0.48226674215536713,Bajo,Medio,False,True,True,False,True,False
188,0,122,volkswagen,four,sedan,fwd,front,100.4,180.2,66.9,55.1,2579,ohc,four,97,idi,3.01,3.4,23.0,68,4500.0,33,38,13845.0,2025-09-28 06:51:30,28-09-2025 06:51:30,28-09-25 06:51:30,09-2025 06:51:30,28,Sunday,9,2025,06:51:30,0.5835820895522387,0.5641025641025647,0.5835820895522388,0.5641025641025639,14.028,16.154,0.4880618675153695,0.482266742155367,0.4880618675153696,0.48226674215536713,Bajo,Bajo,True,False,False,True,False,True
189,0,122,volkswagen,four,wagon,fwd,front,100.4,183.1,66.9,55.1,2563,ohc,four,109,mpfi,3.19,3.4,9.0,88,5500.0,25,31,12290.0,2025-10-27 02:07:48,27-10-2025 02:07:48,27-10-25 02:07:48,10-2025 02:07:48,27,Monday,10,2025,02:07:48,0.6268656716417911,0.5641025641025647,0.6268656716417911,0.5641025641025639,10.628,13.178,0.7239975637956068,0.482266742155367,0.723997563795607,0.48226674215536713,Bajo,Bajo,False,True,True,False,True,False
190,-2,103,volvo,four,sedan,rwd,front,104.3,188.8,67.2,56.2,2912,ohc,four,141,mpfi,3.78,3.15,9.5,114,5400.0,23,28,12940.0,2025-11-07 22:54:44,07-11-2025 22:54:44,07-11-25 22:54:44,11-2025 22:54:44,7,Friday,11,2025,22:54:44,0.711940298507463,0.5897435897435901,0.711940298507463,0.5897435897435894,9.777,11.903,1.187733242691246,0.6253803472339505,1.1877332426912464,0.6253803472339506,Bajo,Medio,False,True,True,False,True,False
191,-1,74,volvo,four,wagon,rwd,front,104.3,188.8,67.2,57.5,3034,ohc,four,141,mpfi,3.78,3.15,9.5,114,5400.0,23,28,13415.0,2025-07-11 23:26:11,11-07-2025 23:26:11,11-07-25 23:26:11,07-2025 23:26:11,11,Friday,7,2025,23:26:11,0.711940298507463,0.5897435897435901,0.711940298507463,0.5897435897435894,9.777,11.903,1.187733242691246,0.6253803472339505,1.1877332426912464,0.6253803472339506,Bajo,Medio,False,True,True,False,True,False
192,-2,103,volvo,four,sedan,rwd,front,104.3,188.8,67.2,56.2,2935,ohc,four,141,mpfi,3.78,3.15,9.5,114,5400.0,24,28,15985.0,2025-12-28 10:56:45,28-12-2025 10:56:45,28-12-25 10:56:45,12-2025 10:56:45,28,Sunday,12,2025,10:56:45,0.711940298507463,0.5897435897435901,0.711940298507463,0.5897435897435894,10.202,11.903,1.187733242691246,0.6253803472339505,1.1877332426912464,0.6253803472339506,Bajo,Medio,False,True,True,False,True,False
193,-1,74,volvo,four,wagon,rwd,front,104.3,188.8,67.2,57.5,3042,ohc,four,141,mpfi,3.78,3.15,9.5,114,5400.0,24,28,16515.0,2025-06-17 18:42:11,17-06-2025 18:42:11,17-06-25 18:42:11,06-2025 18:42:11,17,Tuesday,6,2025,18:42:11,0.711940298507463,0.5897435897435901,0.711940298507463,0.5897435897435894,10.202,11.903,1.187733242691246,0.6253803472339505,1.1877332426912464,0.6253803472339506,Bajo,Medio,False,True,True,False,True,False
194,-2,103,volvo,four,sedan,rwd,front,104.3,188.8,67.2,56.2,3045,ohc,four,130,mpfi,3.62,3.15,7.5,162,5100.0,17,22,18420.0,2025-08-29 14:35:34,29-08-2025 14:35:34,29-08-25 14:35:34,08-2025 14:35:34,29,Friday,8,2025,14:35:34,0.711940298507463,0.5897435897435901,0.711940298507463,0.5897435897435894,7.227,9.352,1.187733242691246,0.6253803472339505,1.1877332426912464,0.6253803472339506,Medio,Medio,False,True,False,True,False,True
195,-1,74,volvo,four,wagon,rwd,front,104.3,188.8,67.2,57.5,3157,ohc,four,130,mpfi,3.62,3.15,7.5,162,5100.0,17,22,18950.0,2025-01-30 12:06:18,30-01-2025 12:06:18,30-01-25 12:06:18,01-2025 12:06:18,30,Thursday,1,2025,12:06:18,0.711940298507463,0.5897435897435901,0.711940298507463,0.5897435897435894,7.227,9.352,1.187733242691246,0.6253803472339505,1.1877332426912464,0.6253803472339506,Medio,Medio,False,True,False,True,False,True
196,-1,95,volvo,four,sedan,rwd,front,109.1,188.8,68.9,55.5,2952,ohc,four,141,mpfi,3.78,3.15,9.5,114,5400.0,23,28,16845.0,2025-08-02 09:44:50,02-08-2025 09:44:50,02-08-25 09:44:50,08-2025 09:44:50,2,Saturday,8,2025,09:44:50,0.711940298507463,0.7350427350427355,0.711940298507463,0.7350427350427351,9.777,11.903,1.187733242691246,1.436357442679266,1.1877332426912464,1.4363574426792665,Bajo,Medio,False,True,True,False,True,False
197,-1,95,volvo,four,sedan,rwd,front,109.1,188.8,68.8,55.5,3049,ohc,four,141,mpfi,3.78,3.15,8.7,160,5300.0,19,25,19045.0,2025-12-27 10:05:42,27-12-2025 10:05:42,27-12-25 10:05:42,12-2025 10:05:42,27,Saturday,12,2025,10:05:42,0.711940298507463,0.7264957264957264,0.711940298507463,0.7264957264957257,8.077,10.628,1.187733242691246,1.3886529076530671,1.1877332426912464,1.3886529076530674,Medio,Medio,False,True,False,True,False,True
198,-1,95,volvo,four,sedan,rwd,front,109.1,188.8,68.9,55.5,3012,ohcv,six,173,mpfi,3.58,2.87,8.8,134,5500.0,18,23,21485.0,2025-10-09 00:40:39,09-10-2025 00:40:39,09-10-25 00:40:39,10-2025 00:40:39,9,Thursday,10,2025,00:40:39,0.711940298507463,0.7350427350427355,0.711940298507463,0.7350427350427351,7.652,9.777,1.187733242691246,1.436357442679266,1.1877332426912464,1.4363574426792665,Medio,Medio,False,True,True,False,True,False
199,-1,95,volvo,four,sedan,rwd,front,109.1,188.8,68.9,55.5,3217,ohc,six,145,idi,3.01,3.4,23.0,106,4800.0,26,27,22470.0,2025-03-29 17:30:52,29-03-2025 17:30:52,29-03-25 17:30:52,03-2025 17:30:52,29,Saturday,3,2025,17:30:52,0.711940298507463,0.7350427350427355,0.711940298507463,0.7350427350427351,11.053,11.478,1.187733242691246,1.436357442679266,1.1877332426912464,1.4363574426792665,Bajo,Medio,True,False,False,True,False,True
200,-1,95,volvo,four,sedan,rwd,front,109.1,188.8,68.9,55.5,3062,ohc,four,141,mpfi,3.78,3.15,9.5,114,5400.0,19,25,22625.0,2025-10-21 18:06:04,21-10-2025 18:06:04,21-10-25 18:06:04,10-2025 18:06:04,21,Tuesday,10,2025,18:06:04,0.711940298507463,0.7350427350427355,0.711940298507463,0.7350427350427351,8.077,10.628,1.187733242691246,1.436357442679266,1.1877332426912464,1.4363574426792665,Bajo,Medio,False,True,False,True,False,True
